{
  "config": {
    "run_name": "exp1_3_L1_K64-128-256",
    "out_dir": "./results2",
    "seed": 942138291,
    "bs_train": 128,
    "bs_test": 32,
    "batches": 100,
    "epochs": 150,
    "early_stopping": 7,
    "checkpoints": null,
    "lr": 0.003,
    "reg": 0.001,
    "filters_per_layer": [
      64,
      128,
      256
    ],
    "pool_every": 1,
    "hidden_dims": [
      100
    ],
    "ycn": false,
    "kw": {},
    "layers_per_block": 1
  },
  "results": {
    "num_epochs": 88,
    "train_loss": [
      2.3027954268455506,
      2.2985462379455566,
      2.2932606530189514,
      2.2833566784858705,
      2.258164267539978,
      2.1757607221603394,
      2.052183393239975,
      2.009006725549698,
      1.9853461039066316,
      1.9646629917621612,
      1.94340030670166,
      1.9199700558185577,
      1.8932832014560699,
      1.8632173442840576,
      1.831174945831299,
      1.7952336049079896,
      1.75786727309227,
      1.722299703359604,
      1.6864927649497985,
      1.6503935384750366,
      1.6175566923618316,
      1.5884714257717132,
      1.56180930018425,
      1.5389024102687836,
      1.5179341793060304,
      1.4992266845703126,
      1.4822587049007416,
      1.4655491673946381,
      1.4496938228607177,
      1.434629786014557,
      1.4196210980415345,
      1.4049549496173859,
      1.3904793441295624,
      1.3755859100818635,
      1.3610183155536653,
      1.3466516518592835,
      1.3320951759815216,
      1.3178038120269775,
      1.302785120010376,
      1.2880352187156676,
      1.2738129091262818,
      1.2592006647586822,
      1.2440470921993256,
      1.2291423404216766,
      1.2148901045322418,
      1.2000775665044785,
      1.1859318256378173,
      1.1709395217895509,
      1.156256850361824,
      1.1427642846107482,
      1.1287688553333282,
      1.1143738824129104,
      1.1006061375141143,
      1.0868413549661637,
      1.0724209034442902,
      1.0585609459877015,
      1.044253420829773,
      1.0304109132289887,
      1.0161656123399734,
      1.0016491770744325,
      0.9872689437866211,
      0.972991492152214,
      0.9577036136388779,
      0.942480046749115,
      0.9276057839393616,
      0.912234582901001,
      0.8979048937559128,
      0.8816690146923065,
      0.8658412432670594,
      0.8499416172504425,
      0.8339200901985169,
      0.8172324639558792,
      0.8014123100042343,
      0.7838507890701294,
      0.7661952108144761,
      0.749816215634346,
      0.7320430427789688,
      0.714358668923378,
      0.6959760284423828,
      0.6789441472291946,
      0.6609984934329987,
      0.6421351128816605,
      0.6239334392547607,
      0.6062712708115577,
      0.5885140034556389,
      0.5717039760947228,
      0.5542451697587967,
      0.5385647064447403,
      0.5230846953392029
    ],
    "train_acc": [
      10.3125,
      12.7578125,
      20.140625,
      22.609375,
      22.21875,
      24.75,
      26.3984375,
      27.2734375,
      28.21875,
      29.0078125,
      29.921875,
      30.9375,
      32.1328125,
      33.34375,
      34.4296875,
      35.8125,
      37.125,
      38.6875,
      40.140625,
      41.3203125,
      42.4296875,
      43.2890625,
      44.0,
      44.65625,
      45.4375,
      46.1796875,
      46.859375,
      47.4296875,
      48.109375,
      48.796875,
      49.421875,
      50.0390625,
      50.5,
      51.171875,
      51.625,
      52.171875,
      52.71875,
      53.234375,
      53.65625,
      54.0234375,
      54.609375,
      55.0390625,
      55.7578125,
      56.25,
      56.703125,
      57.2734375,
      57.828125,
      58.4296875,
      59.0078125,
      59.328125,
      60.0234375,
      60.4140625,
      60.8046875,
      61.359375,
      61.96875,
      62.5703125,
      63.2578125,
      63.6875,
      64.2890625,
      64.9765625,
      65.3984375,
      65.9453125,
      66.5,
      67.0625,
      67.6796875,
      68.2421875,
      68.8046875,
      69.296875,
      69.8828125,
      70.4140625,
      71.046875,
      71.7265625,
      72.3515625,
      73.0,
      73.6328125,
      74.3359375,
      74.9453125,
      75.7265625,
      76.421875,
      77.0859375,
      77.9296875,
      78.625,
      79.2109375,
      79.8046875,
      80.65625,
      81.296875,
      81.8359375,
      82.5390625,
      83.0625
    ],
    "test_loss": [
      2.3005882000923155,
      2.2961696720123292,
      2.2892916679382322,
      2.274686276912689,
      2.2322465109825136,
      2.103422068357468,
      2.023462549448013,
      1.9956168031692505,
      1.9753792953491212,
      1.9556991004943847,
      1.932958309650421,
      1.9045257103443145,
      1.8738787698745727,
      1.8412557804584504,
      1.812828892469406,
      1.7860073709487916,
      1.7380527317523957,
      1.6884072411060334,
      1.6462263286113739,
      1.6099564445018768,
      1.578758509159088,
      1.5540673685073854,
      1.533348752260208,
      1.5152559304237365,
      1.5012364542484284,
      1.4885225117206573,
      1.477241714000702,
      1.4674254870414734,
      1.458980804681778,
      1.4498944783210754,
      1.4438474547863007,
      1.4381319546699525,
      1.4289740741252899,
      1.4216293239593505,
      1.4149624383449555,
      1.406782466173172,
      1.3966970133781433,
      1.3900570213794707,
      1.3811049246788025,
      1.373294371366501,
      1.3619522976875305,
      1.3478510189056396,
      1.3354047644138336,
      1.3250722974538802,
      1.3151564186811446,
      1.3066703963279724,
      1.2950842529535294,
      1.2857952457666397,
      1.278965287208557,
      1.2734946721792222,
      1.266973380446434,
      1.2616534805297852,
      1.256349699497223,
      1.2537744927406311,
      1.2470691281557083,
      1.2420748525857925,
      1.236421992778778,
      1.232477786540985,
      1.229180589914322,
      1.2229875141382218,
      1.2227358216047286,
      1.2173889058828353,
      1.2136782962083816,
      1.2131870299577714,
      1.2142627161741257,
      1.2168658620119095,
      1.21473086476326,
      1.210041816830635,
      1.2144823157787323,
      1.2140518325567244,
      1.2103199702501297,
      1.2134771543741225,
      1.2128707391023636,
      1.2118951457738876,
      1.2163618999719619,
      1.2183721536397933,
      1.2169169008731842,
      1.2177162951231002,
      1.2253292948007584,
      1.2322626096010207,
      1.2372072142362596,
      1.2438206249475479,
      1.2510118389129639,
      1.2594415795803071,
      1.264660857319832,
      1.2831058114767075,
      1.2989690008759498,
      1.309208210706711,
      1.327428601384163
    ],