{
  "config": {
    "run_name": "exp1_1_K64_L8",
    "out_dir": "./results2",
    "seed": 717268538,
    "bs_train": 128,
    "bs_test": 32,
    "batches": 100,
    "epochs": 150,
    "early_stopping": 7,
    "checkpoints": null,
    "lr": 0.003,
    "reg": 0.001,
    "filters_per_layer": [
      64
    ],
    "pool_every": 4.0,
    "hidden_dims": [
      100
    ],
    "ycn": false,
    "kw": {},
    "layers_per_block": 8
  },
  "results": {
    "num_epochs": 7,
    "train_loss": [
      2.30400545835495,
      2.3034330940246583,
      2.3030678701400755,
      2.302831819057465,
      2.302674605846405,
      2.3025708913803102,
      2.302502517700195,
      2.3024551129341124
    ],
    "train_acc": [
      9.890625,
      9.8203125,
      9.9921875,
      9.8125,
      9.984375,
      9.90625,
      9.9765625,
      9.9375
    ],
    "test_loss": [
      2.304135949611664,
      2.303615469932556,
      2.303272879123688,
      2.303044152259827,
      2.3028877329826356,
      2.302784721851349,
      2.3027113604545595,
      2.302659475803375
    ],
    "test_acc": [
      9.84375,
      9.84375,
      9.84375,
      9.84375,
      9.84375,
      9.84375,
      9.84375,
      9.84375
    ]
  }
}