{
  "config": {
    "run_name": "exp1_1_K64_L2",
    "out_dir": "./results2",
    "seed": 370971421,
    "bs_train": 128,
    "bs_test": 32,
    "batches": 100,
    "epochs": 150,
    "early_stopping": 7,
    "checkpoints": null,
    "lr": 0.003,
    "reg": 0.001,
    "filters_per_layer": [
      64
    ],
    "pool_every": 1.0,
    "hidden_dims": [
      100
    ],
    "ycn": false,
    "kw": {},
    "layers_per_block": 2
  },
  "results": {
    "num_epochs": 85,
    "train_loss": [
      2.2994596481323244,
      2.2840634298324587,
      2.242548635005951,
      2.1423689699172974,
      2.0400409412384035,
      1.9826807010173797,
      1.9447904801368714,
      1.908541419506073,
      1.8698293280601501,
      1.8295195555686952,
      1.787521106004715,
      1.7448633587360383,
      1.7022527420520783,
      1.66317351937294,
      1.6285897016525268,
      1.5965064072608948,
      1.567318983078003,
      1.5407925415039063,
      1.5155336713790895,
      1.4916225731372834,
      1.4683878695964814,
      1.446006977558136,
      1.424808496236801,
      1.4039648401737213,
      1.384445517063141,
      1.3659348356723786,
      1.3486323952674866,
      1.3317556297779083,
      1.315546478033066,
      1.2993077886104585,
      1.2833255660533904,
      1.2683410453796387,
      1.2538527524471283,
      1.2398289024829865,
      1.2254198455810548,
      1.211385908126831,
      1.1973467206954955,
      1.183091013431549,
      1.1696238815784454,
      1.1561025017499924,
      1.142975537776947,
      1.1295004606246948,
      1.1164505487680436,
      1.1031824535131454,
      1.0901161074638366,
      1.077476254105568,
      1.064820242524147,
      1.0519860970973969,
      1.0387255108356477,
      1.0256750565767287,
      1.013033607006073,
      1.0007051748037339,
      0.9878279048204422,
      0.9752164030075073,
      0.9626642632484436,
      0.9498918521404266,
      0.9371152120828629,
      0.9246302556991577,
      0.9119534659385681,
      0.8992758816480637,
      0.8858096569776535,
      0.8734068179130554,
      0.8605289340019227,
      0.8475795221328736,
      0.83365768969059,
      0.8210337936878205,
      0.8072380065917969,
      0.7939744818210602,
      0.780175947546959,
      0.7671920847892761,
      0.7534808307886124,
      0.7400925230979919,
      0.7264337921142578,
      0.7127151533961296,
      0.6987952253222466,
      0.6854225981235504,
      0.6719338896870614,
      0.6578853005170822,
      0.6441365438699722,
      0.6302180197834969,
      0.6172511103749275,
      0.603069854080677,
      0.5888881665468216,
      0.5751598623394966,
      0.5612963661551476,
      0.5491640213131904
    ],
    "train_acc": [
      13.9296875,
      17.765625,
      21.9296875,
      24.6640625,
      27.40625,
      29.375,
      31.125,
      32.9375,
      34.8203125,
      36.2734375,
      37.6640625,
      39.109375,
      40.3984375,
      41.765625,
      42.671875,
      43.6015625,
      44.375,
      45.1171875,
      46.03125,
      46.890625,
      47.765625,
      48.40625,
      49.0859375,
      49.75,
      50.625,
      51.2890625,
      52.0625,
      52.671875,
      53.4609375,
      54.09375,
      54.7109375,
      55.1328125,
      55.640625,
      56.2265625,
      56.8203125,
      57.3828125,
      57.9453125,
      58.2421875,
      58.8671875,
      59.3828125,
      59.8046875,
      60.328125,
      60.890625,
      61.484375,
      62.0390625,
      62.4609375,
      62.8046875,
      63.2265625,
      63.65625,
      64.2421875,
      64.71875,
      65.1953125,
      65.7578125,
      66.1171875,
      66.59375,
      67.09375,
      67.6796875,
      68.125,
      68.625,
      68.9375,
      69.453125,
      69.9375,
      70.3984375,
      70.890625,
      71.34375,
      71.875,
      72.3515625,
      72.7890625,
      73.2421875,
      73.6484375,
      74.2109375,
      74.7421875,
      75.2734375,
      75.6953125,
      76.359375,
      76.8203125,
      77.3125,
      77.9375,
      78.4375,
      78.90625,
      79.3984375,
      79.984375,
      80.53125,
      81.0703125,
      81.6484375,
      82.34375
    ],
    "test_loss": [
      2.292865810394287,
      2.269403128623962,
      2.199815621376038,
      2.08202365398407,
      2.0048075532913208,
      1.9588105750083924,
      1.920631436109543,
      1.8826507937908172,
      1.8410144674777984,
      1.8006865179538727,
      1.7633123540878295,
      1.727906676530838,
      1.6878896343708039,
      1.64817155957222,
      1.6136825466156006,
      1.586516238451004,
      1.5665925431251526,
      1.548328824043274,
      1.5331544709205627,
      1.516820387840271,
      1.4985249197483064,
      1.4840168011188508,
      1.4682694399356842,
      1.453517779111862,
      1.4375871431827545,
      1.4227280557155608,
      1.4092145371437073,
      1.3974231493473053,
      1.3840753680467606,
      1.3723656541109086,
      1.3607572203874587,
      1.3535908377170562,
      1.3431594336032868,
      1.3350818794965744,
      1.327065024971962,
      1.3190320444107055,
      1.3119744741916657,
      1.3044002270698547,
      1.2969438725709914,
      1.2903613990545273,
      1.2841690343618393,
      1.2796855139732362,
      1.2749996942281723,
      1.2717917269468308,
      1.2684031558036803,
      1.2626851856708527,
      1.258527893424034,
      1.2565075635910035,
      1.2518864238262177,
      1.2437127727270125,
      1.2423473572731019,
      1.2372791719436647,
      1.234042762517929,
      1.2304835951328277,
      1.2297915369272232,
      1.2265983480215072,
      1.2250745368003846,
      1.2204661482572556,
      1.2202205294370652,
      1.2189397555589676,
      1.2184965354204178,
      1.2180691754817963,
      1.218808890581131,
      1.2180132311582565,
      1.2175151205062866,
      1.220194457769394,
      1.2183293396234511,
      1.2194466125965118,
      1.2220610982179643,
      1.2218528079986573,
      1.2232879567146302,
      1.2297366738319397,
      1.235969095826149,
      1.2409979045391082,
      1.2409369027614594,
      1.2481654381752014,
      1.2546038502454757,
      1.2602155327796936,
      1.2666787374019624,
      1.272757847905159,
      1.2886710619926454,
      1.2969205003976823,
      1.305621826648712,
      1.3205140429735183,
      1.3370691078901291,
      1.3470757794380188
    ],
    "test_acc": [
      14.59375,
      21.59375,
      25.125,
      27.34375,
      27.9375,
      30.4375,
      32.5625,
      34.625,
      36.34375,
      37.9375,
      38.75,
      39.78125,
      40.75,
      41.71875,
      42.6875,
      43.375,
      44.03125,
      45.0,
      45.3125,
      45.84375,
      46.8125,
      47.15625,
      47.90625,
      48.53125,
      49.1875,
      49.65625,
      50.03125,
      50.25,
      51.125,
      51.6875,
      52.125,
      52.375,
      52.75,
      53.125,
      53.4375,
      54.21875,
      53.9375,
      53.9375,
      53.96875,
      53.96875,
      54.03125,
      54.15625,
      54.25,
      54.40625,
      54.65625,
      54.90625,
      55.09375,
      55.53125,
      55.59375,
      55.90625,
      56.15625,
      56.09375,
      56.40625,
      56.59375,
      56.625,
      56.875,
      57.125,
      57.0,
      56.8125,
      56.8125,
      57.0,
      57.375,
      57.28125,
      57.5,
      57.34375,
      57.5,
      57.75,
      57.6875,
      57.84375,
      58.125,
      57.8125,
      57.8125,
      57.84375,
      57.71875,
      58.125,
      58.25,
      58.09375,
      58.15625,
      58.34375,
      58.28125,
      58.25,
      58.1875,
      58.15625,
      57.90625,
      58.15625,
      58.09375
    ]
  }
}