{
  "config": {
    "run_name": "exp1_2_L4_K128",
    "out_dir": "./results2",
    "seed": 2034027189,
    "bs_train": 128,
    "bs_test": 32,
    "batches": 100,
    "epochs": 150,
    "early_stopping": 7,
    "checkpoints": null,
    "lr": 0.003,
    "reg": 0.001,
    "filters_per_layer": [
      128
    ],
    "pool_every": 2.0,
    "hidden_dims": [
      100
    ],
    "ycn": false,
    "kw": {},
    "layers_per_block": 4
  },
  "results": {
    "num_epochs": 41,
    "train_loss": [
      2.303092947006226,
      2.3010462713241577,
      2.2975752425193785,
      2.2870944905281068,
      2.2339888334274294,
      2.101050659418106,
      1.999818549156189,
      1.9465844082832335,
      1.8937089109420777,
      1.8421225869655609,
      1.8000317907333374,
      1.7658051919937134,
      1.732651652097702,
      1.7013966119289399,
      1.6705227267742158,
      1.6388493275642395,
      1.606411918401718,
      1.571693240404129,
      1.5399099612236022,
      1.5080591583251952,
      1.4781712877750397,
      1.4486731243133546,
      1.4215362870693207,
      1.3931212723255157,
      1.3678512477874756,
      1.3444758474826812,
      1.3204537904262543,
      1.2984939622879028,
      1.2755684018135072,
      1.2518433511257172,
      1.2308405244350433,
      1.20671217918396,
      1.18362900018692,
      1.1604493910074234,
      1.1366606760025024,
      1.112981400489807,
      1.0887090855836867,
      1.0637073343992234,
      1.039876081943512,
      1.014478229880333,
      0.993943213224411,
      0.9739892703294754
    ],
    "train_acc": [
      10.3515625,
      12.4296875,
      17.3828125,
      15.3125,
      18.390625,
      24.15625,
      27.5859375,
      29.7734375,
      32.34375,
      34.2265625,
      35.4375,
      36.875,
      38.2578125,
      39.5234375,
      40.7734375,
      41.734375,
      43.203125,
      44.3046875,
      45.296875,
      46.453125,
      47.328125,
      48.6328125,
      49.4453125,
      50.5234375,
      51.453125,
      52.3984375,
      53.359375,
      54.1875,
      55.0234375,
      55.90625,
      56.4921875,
      57.59375,
      58.1796875,
      59.15625,
      60.140625,
      61.0,
      61.671875,
      62.53125,
      63.40625,
      64.3125,
      65.171875,
      66.15625
    ],
    "test_loss": [
      2.3020281624794006,
      2.2996490955352784,
      2.2942562985420225,
      2.2738266801834106,
      2.175517349243164,
      2.0197556161880494,
      1.9689797723293305,
      1.9142454040050507,
      1.853259323835373,
      1.8007632279396057,
      1.761608395576477,
      1.731490947008133,
      1.7080194103717803,
      1.6808957588672637,
      1.6562257969379426,
      1.6461447834968568,
      1.6178655099868775,
      1.5946087658405304,
      1.5704957616329194,
      1.541256240606308,
      1.5174896180629731,
      1.5000572550296782,
      1.4815986084938049,
      1.4638790369033814,
      1.45210226893425,
      1.4423762595653533,
      1.4367489850521087,
      1.4286799097061158,
      1.4180320823192596,
      1.4175941812992097,
      1.4110963094234465,
      1.4095090579986573,
      1.408684228658676,
      1.4114396393299102,
      1.4080612397193908,
      1.4093544638156892,
      1.4179842096567155,
      1.4354115307331086,
      1.4529072964191436,
      1.4574323147535324,
      1.485097508430481,
      1.5105983543395995
    ],
    "test_acc": [
      10.125,
      15.5625,
      16.4375,
      14.15625,
      23.375,
      27.0625,
      30.0,
      32.4375,
      35.3125,
      37.75,
      38.90625,
      39.875,
      40.65625,
      41.625,
      41.5,
      42.125,
      43.40625,
      44.15625,
      44.625,
      45.46875,
      46.46875,
      47.28125,
      48.09375,
      48.53125,
      49.21875,
      49.21875,
      49.90625,
      49.9375,
      50.5,
      50.59375,
      50.71875,
      50.8125,
      51.0625,
      50.90625,
      51.375,
      51.125,
      51.34375,
      50.75,
      50.34375,
      50.71875,
      50.65625,
      50.34375
    ]
  }
}