{
  "config": {
    "run_name": "exp1_2_L4_K258",
    "out_dir": "./results2",
    "seed": 1042206295,
    "bs_train": 128,
    "bs_test": 32,
    "batches": 100,
    "epochs": 150,
    "early_stopping": 7,
    "checkpoints": null,
    "lr": 0.003,
    "reg": 0.001,
    "filters_per_layer": [
      258
    ],
    "pool_every": 2.0,
    "hidden_dims": [
      100
    ],
    "ycn": false,
    "kw": {},
    "layers_per_block": 4
  },
  "results": {
    "num_epochs": 32,
    "train_loss": [
      2.3017756819725035,
      2.297253134250641,
      2.2813067722320555,
      2.202102019786835,
      2.067141729593277,
      1.976018843650818,
      1.9220315325260162,
      1.868422374725342,
      1.8193178522586821,
      1.7786214804649354,
      1.7412714171409607,
      1.7041284775733947,
      1.668629024028778,
      1.6308638525009156,
      1.593589631319046,
      1.5552780544757843,
      1.5182321190834045,
      1.483522573709488,
      1.4495523381233215,
      1.4166684567928314,
      1.3891373407840728,
      1.3614631140232085,
      1.3361171364784241,
      1.3098109340667725,
      1.2840452480316162,
      1.2602379631996155,
      1.2337030708789825,
      1.2086219716072082,
      1.185384795665741,
      1.162963021993637,
      1.1394075840711593,
      1.1136607384681703,
      1.0891763663291931
    ],
    "train_acc": [
      12.2421875,
      12.7109375,
      11.46875,
      19.28125,
      26.0234375,
      28.6484375,
      30.71875,
      33.34375,
      34.9375,
      36.59375,
      38.0,
      39.359375,
      40.90625,
      42.3125,
      43.625,
      44.859375,
      46.078125,
      47.2734375,
      48.453125,
      49.5546875,
      50.640625,
      51.53125,
      52.546875,
      53.703125,
      54.515625,
      55.4921875,
      56.2421875,
      57.4140625,
      58.453125,
      59.421875,
      60.1015625,
      61.03125,
      62.015625
    ],
    "test_loss": [
      2.3000034427642824,
      2.2925286293029785,
      2.2590682125091552,
      2.1425996935367584,
      1.9913959550857543,
      1.9360297286510468,
      1.879705765247345,
      1.8208628523349761,
      1.7755164194107056,
      1.7369616496562958,
      1.7027094781398773,
      1.670227040052414,
      1.6443509399890899,
      1.6248627495765686,
      1.60039742231369,
      1.5584007275104523,
      1.5363279056549073,
      1.501274139881134,
      1.475395418405533,
      1.4499829173088075,
      1.4208743274211884,
      1.403388512134552,
      1.393947662115097,
      1.3798858869075774,
      1.3715890282392502,
      1.3648362725973129,
      1.3597879391908645,
      1.3604549688100815,
      1.3534359884262086,
      1.3546508103609085,
      1.3599848413467408,
      1.3627813339233399,
      1.3802696579694749
    ],
    "test_acc": [
      15.5625,
      11.8125,
      12.5625,
      25.0,
      29.96875,
      31.6875,
      34.03125,
      36.6875,
      38.25,
      39.6875,
      40.78125,
      41.625,
      42.21875,
      42.84375,
      43.1875,
      45.0625,
      45.875,
      46.75,
      47.9375,
      48.53125,
      49.90625,
      50.71875,
      51.25,
      52.03125,
      52.5,
      53.21875,
      52.65625,
      53.0625,
      53.21875,
      52.96875,
      53.21875,
      52.90625,
      52.90625
    ]
  }
}