{
  "config": {
    "run_name": "exp1_3_L2_K64-128-256",
    "out_dir": "./results2",
    "seed": 2014649009,
    "bs_train": 128,
    "bs_test": 32,
    "batches": 100,
    "epochs": 150,
    "early_stopping": 7,
    "checkpoints": null,
    "lr": 0.003,
    "reg": 0.001,
    "filters_per_layer": [
      64,
      128,
      256
    ],
    "pool_every": 2,
    "hidden_dims": [
      100
    ],
    "ycn": false,
    "kw": {},
    "layers_per_block": 2
  },
  "results": {
    "num_epochs": 8,
    "train_loss": [
      2.305409457683563,
      2.304383280277252,
      2.3037008237838745,
      2.3032414054870607,
      2.302926435470581,
      2.3027064538002016,
      2.3025506234169004,
      2.302437973022461,
      2.30235502243042
    ],
    "train_acc": [
      9.5859375,
      10.0625,
      10.15625,
      10.15625,
      10.15625,
      10.15625,
      10.15625,
      10.15625,
      10.15625
    ],
    "test_loss": [
      2.3050089144706725,
      2.3041900753974915,
      2.3036389207839965,
      2.30326308965683,
      2.3030005526542663,
      2.3028153800964355,
      2.302682023048401,
      2.302584252357483,
      2.3025097465515136
    ],
    "test_acc": [
      9.625,
      9.84375,
      9.84375,
      9.84375,
      9.84375,
      9.84375,
      9.84375,
      9.84375,
      9.84375
    ]
  }
}