{
  "config": {
    "run_name": "exp1_2_L2_K128",
    "out_dir": "./results2",
    "seed": 145049925,
    "bs_train": 128,
    "bs_test": 32,
    "batches": 100,
    "epochs": 150,
    "early_stopping": 7,
    "checkpoints": null,
    "lr": 0.003,
    "reg": 0.001,
    "filters_per_layer": [
      128
    ],
    "pool_every": 1.0,
    "hidden_dims": [
      100
    ],
    "ycn": false,
    "kw": {},
    "layers_per_block": 2
  },
  "results": {
    "num_epochs": 79,
    "train_loss": [
      2.2953054404258726,
      2.2605995082855226,
      2.1649937057495117,
      2.0435496616363524,
      1.9775796163082122,
      1.937010487318039,
      1.8945549070835113,
      1.8466222882270813,
      1.7935725438594818,
      1.7422595226764679,
      1.6963812363147737,
      1.6560659384727479,
      1.6191068816184997,
      1.586065559387207,
      1.556425211429596,
      1.5296225607395173,
      1.5050727248191833,
      1.4819952607154847,
      1.4599354076385498,
      1.437977557182312,
      1.4171465253829956,
      1.396270636320114,
      1.3753528690338135,
      1.3553009915351868,
      1.3358857750892639,
      1.3172479116916656,
      1.2996065294742585,
      1.2822892141342164,
      1.2654694390296937,
      1.2492281424999236,
      1.233029030561447,
      1.2176626586914063,
      1.202847148180008,
      1.1880029892921449,
      1.173307466506958,
      1.1592052567005158,
      1.1448153656721116,
      1.1307812929153442,
      1.1169094002246858,
      1.1031697595119476,
      1.0895190435647963,
      1.0762398475408554,
      1.0622702819108962,
      1.0489166605472564,
      1.0354814755916595,
      1.0220583325624466,
      1.0083026856184005,
      0.9945880728960037,
      0.9810838556289673,
      0.9674626511335372,
      0.9533347982168198,
      0.9399775010347367,
      0.9257489687204361,
      0.9121266978979111,
      0.8982929897308349,
      0.884653496146202,
      0.871072284579277,
      0.8568904930353165,
      0.8431583660840988,
      0.8291093093156815,
      0.8152619200944901,
      0.8009675693511963,
      0.7867469769716263,
      0.7726152104139328,
      0.7586414706707001,
      0.7446255803108215,
      0.7306607311964035,
      0.7161104065179825,
      0.7014709067344665,
      0.6871550697088241,
      0.6725631204247474,
      0.6577850344777108,
      0.6430730625987053,
      0.6283399504423142,
      0.6142724773287773,
      0.6001139587163925,
      0.585747250020504,
      0.5721048694849015,
      0.5581491199135781,
      0.5451127800345421
    ],
    "train_acc": [
      11.4375,
      19.1875,
      25.2109375,
      27.8203125,
      29.4140625,
      30.890625,
      32.7421875,
      34.78125,
      36.6796875,
      38.21875,
      40.0390625,
      41.46875,
      42.390625,
      43.6640625,
      44.6484375,
      45.28125,
      46.1328125,
      47.046875,
      47.84375,
      48.578125,
      49.3046875,
      50.0546875,
      50.9375,
      51.5703125,
      52.2265625,
      53.171875,
      53.8515625,
      54.4296875,
      54.984375,
      55.78125,
      56.3671875,
      56.890625,
      57.515625,
      57.953125,
      58.6328125,
      59.046875,
      59.4140625,
      60.0625,
      60.5859375,
      61.078125,
      61.5859375,
      62.03125,
      62.6328125,
      63.2578125,
      63.7890625,
      64.203125,
      64.75,
      65.15625,
      65.6640625,
      66.1171875,
      66.8046875,
      67.3203125,
      67.828125,
      68.3046875,
      68.828125,
      69.2734375,
      69.765625,
      70.2265625,
      70.8671875,
      71.390625,
      71.953125,
      72.4921875,
      72.890625,
      73.6953125,
      74.0390625,
      74.53125,
      75.0,
      75.7734375,
      76.2109375,
      76.8046875,
      77.390625,
      78.078125,
      78.6328125,
      79.265625,
      79.71875,
      80.2734375,
      80.71875,
      81.1796875,
      81.75,
      82.1171875
    ],
    "test_loss": [
      2.2826352453231813,
      2.2239959812164307,
      2.0972024106979372,
      2.000468864440918,
      1.9537155771255492,
      1.912883722782135,
      1.8649454939365386,
      1.8137199139595033,
      1.76345037817955,
      1.707915506362915,
      1.659071021080017,
      1.6185909819602966,
      1.586733615398407,
      1.5621406137943268,
      1.542832008600235,
      1.5254621589183808,
      1.5080634295940398,
      1.490721961259842,
      1.4755788516998292,
      1.460694613456726,
      1.4447149562835693,
      1.4316911029815673,
      1.4178930020332337,
      1.401735043525696,
      1.3898247826099395,
      1.3752260828018188,
      1.362557110786438,
      1.3484237229824065,
      1.3377909922599793,
      1.3288718962669372,
      1.3195789760351182,
      1.309020352959633,
      1.3011485427618026,
      1.2928314799070357,
      1.2876366925239564,
      1.2797929757833482,
      1.2756436085700988,
      1.2714412707090377,
      1.2645872151851654,
      1.2588006830215455,
      1.2534876668453216,
      1.2473934990167619,
      1.2426914221048355,
      1.2387835413217545,
      1.232310929298401,
      1.2283955067396164,
      1.2247175723314285,
      1.2191254967451095,
      1.217717685699463,
      1.2154548782110215,
      1.2105452531576157,
      1.2102241724729539,
      1.2089024180173873,
      1.2086863136291504,
      1.2070123600959777,
      1.208179601430893,
      1.2076283824443816,
      1.2082900661230087,
      1.2105220544338227,
      1.2122437435388564,
      1.2130030757188797,
      1.2162177282571793,
      1.2172866177558899,
      1.21734887778759,
      1.218761806488037,
      1.2231234192848206,
      1.2285029965639114,
      1.2331993448734284,
      1.240493842959404,
      1.2480223673582076,
      1.255743448138237,
      1.2655368673801421,
      1.2674970734119415,
      1.2822204822301864,
      1.2929407984018326,
      1.3060312807559966,
      1.3171033835411072,
      1.3313510090112686,
      1.344472312927246,
      1.35593190908432
    ],
    "test_acc": [
      17.59375,
      25.65625,
      28.25,
      29.28125,
      30.5625,
      32.28125,
      33.90625,
      36.0625,
      38.28125,
      40.46875,
      41.8125,
      43.0,
      43.84375,
      44.375,
      45.34375,
      46.3125,
      46.6875,
      47.3125,
      47.9375,
      48.15625,
      49.09375,
      49.59375,
      49.90625,
      51.0625,
      51.4375,
      52.3125,
      52.4375,
      53.03125,
      53.28125,
      53.59375,
      54.15625,
      54.3125,
      54.59375,
      54.5625,
      54.6875,
      54.8125,
      55.0625,
      55.125,
      55.21875,
      55.6875,
      55.4375,
      55.71875,
      56.09375,
      56.03125,
      56.40625,
      56.5,
      56.96875,
      57.15625,
      57.25,
      57.3125,
      57.21875,
      57.46875,
      57.59375,
      57.8125,
      57.75,
      57.84375,
      57.9375,
      58.0,
      57.9375,
      58.15625,
      57.875,
      58.0,
      58.3125,
      58.5,
      58.5625,
      58.6875,
      58.5625,
      58.75,
      58.71875,
      58.75,
      58.65625,
      58.71875,
      58.78125,
      58.625,
      58.46875,
      58.59375,
      58.71875,
      58.59375,
      58.46875,
      58.4375
    ]
  }
}