{
  "config": {
    "run_name": "exp1_3_L2_K64-128-256",
    "out_dir": "./results2",
    "seed": 195126383,
    "bs_train": 128,
    "bs_test": 32,
    "batches": 1000,
    "epochs": 200,
    "early_stopping": 10,
    "checkpoints": null,
    "lr": 0.001,
    "reg": 0.001,
    "filters_per_layer": [
      64,
      128,
      256
    ],
    "pool_every": 2,
    "hidden_dims": [
      100
    ],
    "ycn": false,
    "kw": {},
    "layers_per_block": 2
  },
  "results": {
    "num_epochs": 10,
    "train_loss": [
      2.303809437910309,
      2.303334574565253,
      2.3030462002815186,
      2.3028632728644953,
      2.3027445190702864,
      2.3026653250769886,
      2.3026113534522485,
      2.3025733802629555,
      2.3025450157692364,
      2.302523041015391,
      2.30250482668962
    ],
    "train_acc": [
      9.938,
      9.964,
      10.0,
      9.96,
      9.928,
      9.938,
      9.956,
      9.964,
      9.974,
      9.99,
      9.988
    ],
    "test_loss": [
      2.3034906905299177,
      2.303133870846928,
      2.3029104231264643,
      2.302767159458928,
      2.302672962030283,
      2.3026095678250247,
      2.3025660172057227,
      2.3025341468116345,
      2.3025102874341483,
      2.3024908528922086,
      2.3024743913461605
    ],
    "test_acc": [
      10.0,
      10.0,
      10.0,
      10.0,
      10.0,
      10.0,
      10.0,
      10.0,
      10.0,
      10.0,
      10.0
    ]
  }
}