{
  "config": {
    "run_name": "exp1_3_L4_K64-128-256",
    "out_dir": "./results2",
    "seed": 1688736630,
    "bs_train": 128,
    "bs_test": 32,
    "batches": 1000,
    "epochs": 200,
    "early_stopping": 10,
    "checkpoints": null,
    "lr": 0.001,
    "reg": 0.001,
    "filters_per_layer": [
      64,
      128,
      256
    ],
    "pool_every": 4,
    "hidden_dims": [
      100
    ],
    "ycn": false,
    "kw": {},
    "layers_per_block": 4
  },
  "results": {
    "num_epochs": 10,
    "train_loss": [
      2.3040844717294053,
      2.303505501173951,
      2.303159240566556,
      2.3029529572752736,
      2.3028241911202745,
      2.30274375564302,
      2.302693084072884,
      2.302660975005011,
      2.3026407277187726,
      2.3026279244581453,
      2.30261985908079
    ],
    "train_acc": [
      9.94,
      9.856,
      9.822,
      9.924,
      9.956,
      9.956,
      9.964,
      9.938,
      9.894,
      9.866,
      9.832
    ],
    "test_loss": [
      2.3037132790294317,
      2.3032710582684404,
      2.3030113579747016,
      2.30285174473406,
      2.3027522434441807,
      2.302690262230821,
      2.302650955157539,
      2.3026264810714476,
      2.3026109930044547,
      2.3026012665928364,
      2.302595305366638
    ],
    "test_acc": [
      10.0,
      10.0,
      10.0,
      10.0,
      10.0,
      10.0,
      10.0,
      10.0,
      10.0,
      10.0,
      10.0
    ]
  }
}