{
  "config": {
    "run_name": "exp1_2_L8_K64",
    "out_dir": "./results2",
    "seed": 921418579,
    "bs_train": 128,
    "bs_test": 32,
    "batches": 100,
    "epochs": 150,
    "early_stopping": 7,
    "checkpoints": null,
    "lr": 0.003,
    "reg": 0.001,
    "filters_per_layer": [
      64
    ],
    "pool_every": 4.0,
    "hidden_dims": [
      100
    ],
    "ycn": false,
    "kw": {},
    "layers_per_block": 8
  },
  "results": {
    "num_epochs": 13,
    "train_loss": [
      2.3032071709632875,
      2.302911398410797,
      2.302722682952881,
      2.3026001906394957,
      2.302518982887268,
      2.302466723918915,
      2.3024316787719727,
      2.302408344745636,
      2.302392063140869,
      2.3023813819885253,
      2.302374038696289,
      2.3023689436912536,
      2.302365491390228,
      2.302362952232361
    ],
    "train_acc": [
      10.109375,
      10.109375,
      10.109375,
      10.109375,
      10.109375,
      10.109375,
      9.9765625,
      10.3515625,
      10.3515625,
      10.3515625,
      10.3515625,
      10.3515625,
      10.3515625,
      10.3515625
    ],
    "test_loss": [
      2.3037004494667053,
      2.3033685088157654,
      2.303138871192932,
      2.3029753136634827,
      2.302861099243164,
      2.302778162956238,
      2.3027174830436707,
      2.3026716232299806,
      2.3026367092132567,
      2.3026108884811403,
      2.3025909447669983,
      2.302575330734253,
      2.3025632286071778,
      2.302553663253784
    ],
    "test_acc": [
      9.96875,
      9.96875,
      9.96875,
      9.96875,
      9.96875,
      9.96875,
      10.125,
      10.125,
      10.125,
      10.125,
      10.125,
      10.125,
      10.125,
      10.125
    ]
  }
}