{
  "config": {
    "run_name": "exp1_2_L4_K64",
    "out_dir": "./results2",
    "seed": 252269618,
    "bs_train": 128,
    "bs_test": 32,
    "batches": 100,
    "epochs": 150,
    "early_stopping": 7,
    "checkpoints": null,
    "lr": 0.003,
    "reg": 0.001,
    "filters_per_layer": [
      64
    ],
    "pool_every": 2.0,
    "hidden_dims": [
      100
    ],
    "ycn": false,
    "kw": {},
    "layers_per_block": 4
  },
  "results": {
    "num_epochs": 56,
    "train_loss": [
      2.3034565925598143,
      2.3020649647712705,
      2.300295650959015,
      2.296837306022644,
      2.2878618121147154,
      2.2599111795425415,
      2.158395519256592,
      2.035222934484482,
      1.9831178629398345,
      1.9485313296318054,
      1.9124815738201142,
      1.8710034370422364,
      1.825607898235321,
      1.78279238820076,
      1.744566558599472,
      1.7130223000049591,
      1.683439919948578,
      1.6596696650981904,
      1.6379573142528534,
      1.6161208963394165,
      1.594734503030777,
      1.5735871136188506,
      1.5531506049633026,
      1.5335949063301086,
      1.5134142994880677,
      1.494512836933136,
      1.4750195527076722,
      1.457641761302948,
      1.438215847015381,
      1.4204408299922944,
      1.4017405414581299,
      1.3840461194515228,
      1.364883691072464,
      1.3462382221221925,
      1.3270902001857758,
      1.3098942017555237,
      1.2905795872211456,
      1.2718627536296845,
      1.2536255764961242,
      1.2361334836483002,
      1.2176510000228882,
      1.198278111219406,
      1.1826833200454712,
      1.1620325845479966,
      1.1422683936357498,
      1.122675353884697,
      1.1044624614715577,
      1.0827973544597627,
      1.0594289004802704,
      1.0400301879644394,
      1.0176401215791702,
      0.9921408033370972,
      0.9682638221979141,
      0.9422475975751877,
      0.9149843347072601,
      0.8887909263372421,
      0.864001743197441
    ],
    "train_acc": [
      10.265625,
      10.3515625,
      11.7421875,
      16.4296875,
      14.328125,
      15.4765625,
      21.03125,
      26.1328125,
      27.90625,
      29.0546875,
      30.859375,
      32.8984375,
      35.0703125,
      36.6171875,
      38.296875,
      39.5078125,
      40.59375,
      41.453125,
      42.578125,
      43.1953125,
      43.8828125,
      44.5859375,
      45.078125,
      45.703125,
      46.359375,
      47.0078125,
      47.6640625,
      48.1953125,
      48.875,
      49.484375,
      50.296875,
      50.7890625,
      51.5078125,
      52.109375,
      52.9375,
      53.28125,
      54.03125,
      54.65625,
      55.3828125,
      56.03125,
      56.59375,
      57.4375,
      57.953125,
      58.828125,
      59.4609375,
      60.0859375,
      60.6875,
      61.609375,
      62.4921875,
      63.3984375,
      64.2890625,
      65.3359375,
      66.21875,
      67.4453125,
      68.296875,
      69.3046875,
      70.0390625
    ],
    "test_loss": [
      2.3026725959777834,
      2.3012105298042296,
      2.298871819972992,
      2.2934817981719973,
      2.278505790233612,
      2.227652380466461,
      2.0738300132751464,
      2.0006510579586028,
      1.9636947798728943,
      1.9268769073486327,
      1.8856038749217987,
      1.8419999694824218,
      1.8031038296222688,
      1.7653443133831024,
      1.7331376659870148,
      1.7138567793369293,
      1.6839555871486664,
      1.6731846857070922,
      1.6504717981815338,
      1.6330606627464295,
      1.622309173345566,
      1.609238450527191,
      1.581417542695999,
      1.5730960714817046,
      1.5520418441295625,
      1.5512003362178803,
      1.5445201897621155,
      1.5424084615707399,
      1.5314312362670899,
      1.5214392781257629,
      1.5101869785785675,
      1.500494648218155,
      1.4961734044551849,
      1.4795168960094451,
      1.4654952931404113,
      1.459708114862442,
      1.4519264870882034,
      1.4477801954746246,
      1.4477100431919099,
      1.4414951997995376,
      1.4363771545886994,
      1.4381703698635102,
      1.440140368938446,
      1.434778275489807,
      1.429989401102066,
      1.4370030182600022,
      1.445921847820282,
      1.4461517173051834,
      1.45140597820282,
      1.4494194275140762,
      1.461508669257164,
      1.4751095819473266,
      1.491925483942032,
      1.5119774127006531,
      1.5325396394729613,
      1.5581088161468506,
      1.5645112776756287
    ],
    "test_acc": [
      10.125,
      10.125,
      14.96875,
      15.375,
      14.25,
      18.15625,
      25.9375,
      29.0625,
      30.3125,
      31.6875,
      33.25,
      35.34375,
      36.96875,
      38.21875,
      39.21875,
      40.28125,
      41.0,
      41.0,
      42.09375,
      42.875,
      43.59375,
      43.625,
      44.46875,
      44.5625,
      45.5,
      45.0,
      45.53125,
      45.21875,
      45.78125,
      46.09375,
      46.78125,
      46.875,
      47.21875,
      48.0,
      47.875,
      48.6875,
      48.625,
      48.9375,
      49.125,
      49.96875,
      50.3125,
      50.21875,
      50.5,
      50.5625,
      50.34375,
      50.625,
      50.25,
      50.75,
      51.15625,
      51.3125,
      51.21875,
      51.25,
      51.0625,
      50.6875,
      50.78125,
      50.625,
      51.09375
    ]
  }
}