{
  "config": {
    "run_name": "exp1_1_K64_L4",
    "out_dir": "./results2",
    "seed": 1041849417,
    "bs_train": 128,
    "bs_test": 32,
    "batches": 100,
    "epochs": 150,
    "early_stopping": 7,
    "checkpoints": null,
    "lr": 0.003,
    "reg": 0.001,
    "filters_per_layer": [
      64
    ],
    "pool_every": 2.0,
    "hidden_dims": [
      100
    ],
    "ycn": false,
    "kw": {},
    "layers_per_block": 4
  },
  "results": {
    "num_epochs": 58,
    "train_loss": [
      2.303900537490845,
      2.302939512729645,
      2.302104651927948,
      2.301058835983276,
      2.299366397857666,
      2.2959090948104857,
      2.2864623355865477,
      2.2518420004844666,
      2.1268403327465055,
      2.0131239342689513,
      1.9663526606559754,
      1.9254165315628051,
      1.8796956765651702,
      1.8345485413074494,
      1.797888526916504,
      1.766341141462326,
      1.738623639345169,
      1.7121210980415345,
      1.6871835672855378,
      1.6614520037174225,
      1.6364806973934174,
      1.6113249599933623,
      1.5870956218242644,
      1.5614061439037323,
      1.537595967054367,
      1.5127748715877534,
      1.489011309146881,
      1.4652640151977538,
      1.4411540734767914,
      1.419243278503418,
      1.396530876159668,
      1.3729555308818817,
      1.3481161820888519,
      1.3250742602348327,
      1.3032481825351716,
      1.2821657574176788,
      1.2597660636901855,
      1.2374893414974213,
      1.2168830585479737,
      1.1942686665058135,
      1.171966924071312,
      1.1513478767871856,
      1.1291947162151337,
      1.1078959149122238,
      1.0857699817419053,
      1.061468218564987,
      1.0378995579481125,
      1.013680747151375,
      0.9905449157953262,
      0.9687260711193084,
      0.9508192580938339,
      0.9362342149019242,
      0.9289297413825989,
      0.9021945184469223,
      0.8691987282037735,
      0.8293483799695969,
      0.7908924680948257,
      0.7539852732419967,
      0.7181231701374053
    ],
    "train_acc": [
      9.6953125,
      9.8515625,
      10.578125,
      11.4375,
      12.3359375,
      11.2890625,
      12.8671875,
      17.359375,
      24.5703125,
      27.4296875,
      29.15625,
      31.1484375,
      33.2578125,
      35.0390625,
      36.0,
      37.1328125,
      38.015625,
      39.1796875,
      39.9609375,
      41.03125,
      42.21875,
      43.171875,
      44.015625,
      45.015625,
      45.859375,
      46.71875,
      47.390625,
      48.2265625,
      49.015625,
      49.6796875,
      50.3984375,
      51.265625,
      52.0390625,
      52.7421875,
      53.5703125,
      54.5546875,
      55.234375,
      56.0546875,
      56.984375,
      57.9765625,
      59.1640625,
      59.8203125,
      60.6875,
      61.359375,
      62.1015625,
      63.1328125,
      63.84375,
      64.78125,
      65.609375,
      66.4453125,
      67.140625,
      67.6796875,
      67.6484375,
      68.5078125,
      69.9296875,
      71.3046875,
      72.625,
      74.0625,
      75.3828125
    ],
    "test_loss": [
      2.3029429864883424,
      2.302197458744049,
      2.301373636722565,
      2.300125162601471,
      2.2978427147865297,
      2.2924861979484557,
      2.2761381316184996,
      2.2079538893699646,
      2.050724518299103,
      1.991524690389633,
      1.9472007000446319,
      1.8967780220508574,
      1.8458915996551513,
      1.79894433259964,
      1.7636091244220733,
      1.7378883123397828,
      1.7152848768234252,
      1.6949639320373535,
      1.6758629822731017,
      1.655951155424118,
      1.6346080267429353,
      1.6268070697784425,
      1.605427702665329,
      1.594867663383484,
      1.5833881080150605,
      1.5622278296947478,
      1.5481095552444457,
      1.5320777595043182,
      1.5171082305908203,
      1.5088724243640899,
      1.4940087652206422,
      1.4807895529270172,
      1.4706709051132203,
      1.4699783301353455,
      1.4664534842967987,
      1.458771334886551,
      1.4517814481258393,
      1.457278333902359,
      1.4549782848358155,
      1.4535555672645568,
      1.4606603288650513,
      1.4645441979169846,
      1.479205492734909,
      1.4747173047065736,
      1.4799566656351089,
      1.4872381424903869,
      1.5001798272132874,
      1.5194354093074798,
      1.5310203951597214,
      1.5348648005723953,
      1.5336951982975007,
      1.5429419714212418,
      1.5607052755355835,
      1.5737908244132996,
      1.5837416976690293,
      1.6106653851270676,
      1.6337699967622756,
      1.6593030083179474,
      1.7036569118499756
    ],
    "test_acc": [
      10.21875,
      11.84375,
      10.21875,
      13.125,
      11.5,
      11.78125,
      15.21875,
      20.96875,
      27.0,
      28.875,
      31.3125,
      33.875,
      35.4375,
      37.65625,
      38.84375,
      38.96875,
      39.8125,
      40.6875,
      41.34375,
      42.3125,
      42.59375,
      43.03125,
      43.71875,
      44.09375,
      44.46875,
      45.03125,
      45.625,
      46.3125,
      46.6875,
      47.0625,
      47.65625,
      48.25,
      48.65625,
      48.96875,
      49.4375,
      49.46875,
      49.53125,
      49.90625,
      49.9375,
      50.125,
      50.5625,
      50.71875,
      50.6875,
      50.65625,
      51.125,
      51.40625,
      51.3125,
      50.90625,
      50.6875,
      51.21875,
      51.59375,
      51.6875,
      51.4375,
      50.96875,
      51.21875,
      50.78125,
      51.21875,
      51.40625,
      51.03125
    ]
  }
}