{
  "config": {
    "run_name": "exp1_2_L2_K258",
    "out_dir": "./results2",
    "seed": 136509775,
    "bs_train": 128,
    "bs_test": 32,
    "batches": 100,
    "epochs": 150,
    "early_stopping": 7,
    "checkpoints": null,
    "lr": 0.003,
    "reg": 0.001,
    "filters_per_layer": [
      258
    ],
    "pool_every": 1.0,
    "hidden_dims": [
      100
    ],
    "ycn": false,
    "kw": {},
    "layers_per_block": 2
  },
  "results": {
    "num_epochs": 70,
    "train_loss": [
      2.284456419944763,
      2.198835093975067,
      2.0564615869522096,
      1.972669801712036,
      1.9225899481773376,
      1.870168434381485,
      1.8101935064792634,
      1.7477462983131409,
      1.6926746118068694,
      1.6449529612064362,
      1.6022338020801543,
      1.5637132585048676,
      1.529086686372757,
      1.4976706552505492,
      1.4677286732196808,
      1.439630284309387,
      1.4129508996009827,
      1.3876225137710572,
      1.3635546851158142,
      1.3400915658473969,
      1.317410434484482,
      1.2949607539176942,
      1.273071380853653,
      1.2518236720561982,
      1.2316804814338684,
      1.2119584679603577,
      1.1928062134981154,
      1.1750040984153747,
      1.1571998196840285,
      1.1402413135766982,
      1.1234435272216796,
      1.1073562622070312,
      1.091671221256256,
      1.0760024762153626,
      1.060237730741501,
      1.0447366750240326,
      1.029086364507675,
      1.0137733882665634,
      0.9988017219305039,
      0.9838849377632141,
      0.9687582498788834,
      0.9536844545602798,
      0.9384987932443619,
      0.9234174871444703,
      0.9085971891880036,
      0.8938083028793335,
      0.8785541653633118,
      0.8635627841949463,
      0.8479219269752503,
      0.8327053838968277,
      0.8171327686309815,
      0.8023950797319412,
      0.7872193843126297,
      0.7724185979366303,
      0.7569176656007767,
      0.7426911413669586,
      0.7266863912343979,
      0.7119974422454834,
      0.6969071894884109,
      0.682058435678482,
      0.6670969688892364,
      0.6519429948925972,
      0.6367788606882095,
      0.621622476875782,
      0.6067504262924195,
      0.5927843788266182,
      0.5787088689208031,
      0.5654222789406776,
      0.5530660459399224,
      0.5402533683180809,
      0.5293457913398742
    ],
    "train_acc": [
      14.203125,
      22.609375,
      26.8359375,
      29.140625,
      31.2734375,
      33.9296875,
      36.4609375,
      38.671875,
      40.6953125,
      42.0234375,
      43.234375,
      44.5234375,
      45.3359375,
      46.21875,
      47.203125,
      48.265625,
      49.5234375,
      50.578125,
      51.6875,
      52.375,
      53.2734375,
      54.078125,
      54.7421875,
      55.4765625,
      56.265625,
      57.203125,
      57.8828125,
      58.546875,
      59.2578125,
      59.84375,
      60.5078125,
      61.109375,
      61.8671875,
      62.4453125,
      63.1796875,
      63.71875,
      64.484375,
      64.890625,
      65.3203125,
      65.8515625,
      66.4609375,
      67.109375,
      67.609375,
      68.0546875,
      68.5234375,
      69.1328125,
      69.796875,
      70.546875,
      71.125,
      71.71875,
      72.2890625,
      72.890625,
      73.4375,
      73.9921875,
      74.4609375,
      75.0703125,
      75.6640625,
      76.1875,
      76.71875,
      77.1796875,
      77.8515625,
      78.3984375,
      78.9765625,
      79.53125,
      80.0546875,
      80.515625,
      81.2109375,
      81.5390625,
      82.0234375,
      82.6015625,
      83.1171875
    ],
    "test_loss": [
      2.254397306442261,
      2.125976061820984,
      1.9974094343185425,
      1.9430407214164733,
      1.8916966485977174,
      1.836223655939102,
      1.7830132937431336,
      1.7152086865901948,
      1.657628107070923,
      1.6137335526943206,
      1.580877845287323,
      1.553330478668213,
      1.5285164439678192,
      1.5073170495033263,
      1.4835687112808227,
      1.4628016722202302,
      1.4431795120239257,
      1.4236279654502868,
      1.403430095911026,
      1.3869519352912902,
      1.3714300858974457,
      1.3546843540668487,
      1.339467105269432,
      1.325464230775833,
      1.3127455258369445,
      1.3000816971063613,
      1.2881177026033401,
      1.2749832028150558,
      1.2635182082653045,
      1.2529073196649552,
      1.242392349243164,
      1.232105559706688,
      1.2227613264322281,
      1.21440879881382,
      1.2047495257854461,
      1.1972774845361709,
      1.1878221023082733,
      1.1799916458129882,
      1.1726121026277543,
      1.1656227970123292,
      1.158342422246933,
      1.1534696102142334,
      1.1499436980485915,
      1.143488816022873,
      1.1404163557291032,
      1.136610810160637,
      1.133689935207367,
      1.1321783924102784,
      1.1300398778915406,
      1.1276572561264038,
      1.1262640357017517,
      1.1269122213125229,
      1.1264307647943497,
      1.126521725654602,
      1.1272085601091384,
      1.1271207642555237,
      1.1284874522686004,
      1.1312305986881257,
      1.1307892966270447,
      1.1334350162744522,
      1.1377541196346284,
      1.1403722792863846,
      1.1420882534980774,
      1.1448883312940596,
      1.1479517227411271,
      1.1546954852342606,
      1.1572928804159164,
      1.162477170228958,
      1.1700133496522904,
      1.182203940153122,
      1.1934410828351973
    ],
    "test_acc": [
      20.21875,
      26.4375,
      29.65625,
      31.6875,
      34.125,
      36.0,
      37.34375,
      40.0625,
      41.8125,
      42.875,
      44.0625,
      44.875,
      46.03125,
      46.625,
      47.28125,
      48.125,
      49.0625,
      50.1875,
      51.21875,
      51.71875,
      52.5625,
      53.0625,
      52.96875,
      53.28125,
      53.625,
      54.3125,
      54.6875,
      55.03125,
      55.4375,
      55.84375,
      56.15625,
      56.375,
      56.09375,
      56.65625,
      57.09375,
      57.25,
      57.5,
      57.90625,
      58.15625,
      58.125,
      58.59375,
      58.625,
      58.78125,
      59.125,
      59.46875,
      59.5,
      60.09375,
      60.15625,
      60.46875,
      60.8125,
      61.25,
      61.4375,
      61.34375,
      61.46875,
      61.53125,
      61.4375,
      61.59375,
      61.5625,
      61.875,
      61.84375,
      61.59375,
      61.78125,
      61.90625,
      61.9375,
      61.78125,
      61.8125,
      61.84375,
      61.6875,
      61.65625,
      61.53125,
      61.65625
    ]
  }
}