{
  "config": {
    "run_name": "exp1_1_K32_L16",
    "out_dir": "./results2",
    "seed": 409578786,
    "bs_train": 128,
    "bs_test": 32,
    "batches": 100,
    "epochs": 150,
    "early_stopping": 7,
    "checkpoints": null,
    "lr": 0.003,
    "reg": 0.001,
    "filters_per_layer": [
      32
    ],
    "pool_every": 8.0,
    "hidden_dims": [
      100
    ],
    "ycn": false,
    "kw": {},
    "layers_per_block": 16
  },
  "results": {
    "num_epochs": 7,
    "train_loss": [
      2.30368168592453,
      2.303190836906433,
      2.302891092300415,
      2.3027000713348387,
      2.302578568458557,
      2.3025007748603823,
      2.3024509620666502,
      2.3024188351631163
    ],
    "train_acc": [
      10.2109375,
      10.2109375,
      10.2109375,
      10.2109375,
      10.2109375,
      10.2109375,
      10.2109375,
      10.2109375
    ],
    "test_loss": [
      2.3027942609786987,
      2.302553050518036,
      2.302427089214325,
      2.302367076873779,
      2.3023446559906007,
      2.302343509197235,
      2.3023537731170656,
      2.302368657588959
    ],
    "test_acc": [
      10.46875,
      10.46875,
      10.46875,
      10.46875,
      10.46875,
      10.46875,
      10.46875,
      10.46875
    ]
  }
}