{
  "config": {
    "run_name": "exp1_3_L1_K64-128-256",
    "out_dir": "./results2",
    "seed": 1189396062,
    "bs_train": 128,
    "bs_test": 32,
    "batches": 1000,
    "epochs": 200,
    "early_stopping": 10,
    "checkpoints": null,
    "lr": 0.001,
    "reg": 0.001,
    "filters_per_layer": [
      64,
      128,
      256
    ],
    "pool_every": 2,
    "hidden_dims": [
      100
    ],
    "ycn": false,
    "kw": {},
    "layers_per_block": 1
  },
  "results": {
    "num_epochs": 66,
    "train_loss": [
      2.2881572911196657,
      2.12108050892725,
      1.9335249555690208,
      1.8486760705328353,
      1.779586856017637,
      1.7173325734979965,
      1.6516110454983723,
      1.5870887364267998,
      1.5311177493361257,
      1.485528644698355,
      1.4496788566984484,
      1.4212516457833293,
      1.396792687723399,
      1.3737291298863832,
      1.3513275842227594,
      1.3288681223569319,
      1.3057936804983623,
      1.281901116261397,
      1.257550007242071,
      1.2330125628225028,
      1.2087788187024537,
      1.1847674578352048,
      1.1617989881569162,
      1.1393584058717694,
      1.11743757669883,
      1.0961449278894897,
      1.0751992284184526,
      1.0543613183833753,
      1.0338943603703432,
      1.013833403739783,
      0.9934802133104076,
      0.9729118819736764,
      0.953001789882055,
      0.9330445537176888,
      0.9130327146681373,
      0.8928801243567406,
      0.8727631268598844,
      0.852611627115313,
      0.8326477129441088,
      0.8124146998081061,
      0.7923166027764226,
      0.7721617086159299,
      0.7518830614931443,
      0.7315095253002918,
      0.7113216983540284,
      0.6912604991127463,
      0.6712691543809594,
      0.6512364519526587,
      0.6310108813940717,
      0.6106199400351785,
      0.5901481531312703,
      0.5697060270077737,
      0.5490717187409511,
      0.5280157351280417,
      0.5074360382069102,
      0.4860965753607738,
      0.46462441466348553,
      0.44337638214116204,
      0.42161326800161003,
      0.4003732450630354,
      0.37883770099991115,
      0.35737523787161884,
      0.33672407780157027,
      0.3166167293210774,
      0.29798756707507323,
      0.28042317564835023,
      0.26592807593705403
    ],
    "train_acc": [
      16.44,
      25.918,
      31.374,
      34.864,
      37.444,
      39.428,
      41.63,
      43.816,
      45.69,
      47.222,
      48.55,
      49.544,
      50.334,
      51.24,
      52.17,
      53.048,
      53.968,
      54.886,
      55.776,
      56.694,
      57.614,
      58.48,
      59.37,
      60.3,
      61.02,
      61.69,
      62.328,
      63.142,
      63.938,
      64.662,
      65.412,
      66.268,
      66.996,
      67.692,
      68.426,
      69.154,
      69.95,
      70.66,
      71.324,
      71.892,
      72.72,
      73.424,
      74.136,
      74.896,
      75.754,
      76.476,
      77.24,
      77.932,
      78.666,
      79.43,
      80.318,
      81.14,
      81.894,
      82.76,
      83.58,
      84.356,
      85.31,
      86.064,
      86.974,
      87.794,
      88.546,
      89.41,
      90.224,
      90.976,
      91.836,
      92.47,
      92.916
    ],
    "test_loss": [
      2.2557624544198522,
      1.9889736217431748,
      1.8938382844955395,
      1.8162311574521537,
      1.7501386750620394,
      1.6837768230956203,
      1.6116115144266487,
      1.5471813952960907,
      1.4966045492373334,
      1.4588235807114136,
      1.428002093927548,
      1.405697979485265,
      1.3869903133319208,
      1.3671579501880244,
      1.3474075040116478,
      1.3254901793437264,
      1.3056399728924322,
      1.2834798988823692,
      1.2611589048998044,
      1.2399631091200125,
      1.2194715778286846,
      1.1999882861448172,
      1.1823182601136522,
      1.166464411222135,
      1.1516767132777375,
      1.1391610249924584,
      1.1261158427491356,
      1.1142581354695769,
      1.1021183390206042,
      1.0930333341272493,
      1.084444428404299,
      1.0754942002768715,
      1.063938158579147,
      1.0552339917554643,
      1.0463875073213547,
      1.037944909292288,
      1.0334176379270827,
      1.0251549097676627,
      1.020250488774845,
      1.0185028024184437,
      1.0165279154389049,
      1.0142320494491832,
      1.010969549512711,
      1.0098509025840332,
      1.0101117786888878,
      1.0124175434295362,
      1.014684247894409,
      1.0164513492736573,
      1.0143006125958964,
      1.0112299872473025,
      1.0110890462566107,
      1.0132158549068073,
      1.016934896715152,
      1.022914013542687,
      1.0285108600752042,
      1.0350051653651764,
      1.040549731578309,
      1.048790238440608,
      1.056428403519213,
      1.0680501596234477,
      1.082203452103435,
      1.0981194302677728,
      1.1157368918577322,
      1.138870157087192,
      1.1598803457170248,
      1.1806813422292948,
      1.200877326174666
    ],
    "test_acc": [
      21.74,
      29.48,
      33.02,
      35.66,
      38.42,
      40.69,
      43.14,
      45.11,
      46.6,
      47.73,
      49.1,
      49.96,
      50.8,
      51.74,
      52.77,
      53.4,
      54.31,
      55.07,
      55.7,
      56.4,
      57.09,
      57.79,
      58.31,
      58.74,
      59.4,
      60.16,
      60.93,
      61.44,
      61.83,
      62.29,
      62.64,
      62.95,
      63.39,
      63.89,
      64.0,
      64.33,
      64.7,
      64.83,
      64.98,
      65.28,
      65.36,
      65.34,
      65.53,
      65.72,
      65.64,
      65.82,
      66.03,
      66.08,
      66.39,
      66.58,
      66.72,
      67.05,
      67.04,
      67.07,
      67.16,
      67.24,
      67.53,
      67.53,
      67.48,
      67.35,
      67.2,
      67.13,
      67.34,
      67.2,
      67.2,
      67.0,
      67.03
    ]
  }
}