{
  "config": {
    "run_name": "exp1_1_K32_L8",
    "out_dir": "./results2",
    "seed": 667936215,
    "bs_train": 128,
    "bs_test": 32,
    "batches": 100,
    "epochs": 150,
    "early_stopping": 7,
    "checkpoints": null,
    "lr": 0.003,
    "reg": 0.001,
    "filters_per_layer": [
      32
    ],
    "pool_every": 4.0,
    "hidden_dims": [
      100
    ],
    "ycn": false,
    "kw": {},
    "layers_per_block": 8
  },
  "results": {
    "num_epochs": 10,
    "train_loss": [
      2.3032509779930113,
      2.3029483294487,
      2.3027529168128966,
      2.3026237416267397,
      2.3025393509864807,
      2.302482695579529,
      2.302445068359375,
      2.3024190354347227,
      2.302400643825531,
      2.3023883366584776,
      2.3023798155784605
    ],
    "train_acc": [
      9.78125,
      9.78125,
      9.78125,
      10.15625,
      10.3515625,
      10.3515625,
      10.3515625,
      10.3515625,
      10.3515625,
      10.3515625,
      10.3515625
    ],
    "test_loss": [
      2.3033306932449342,
      2.3030700087547302,
      2.3028953957557676,
      2.302781355381012,
      2.3027033853530883,
      2.3026509046554566,
      2.302613534927368,
      2.3025877046585084,
      2.302568597793579,
      2.3025546860694885,
      2.302544529438019
    ],
    "test_acc": [
      9.75,
      9.75,
      9.75,
      10.125,
      10.125,
      10.125,
      10.125,
      10.125,
      10.125,
      10.125,
      10.125
    ]
  }
}