{
  "config": {
    "run_name": "exp1_3_L3_K64-128-256",
    "out_dir": "./results2",
    "seed": 1046695550,
    "bs_train": 128,
    "bs_test": 32,
    "batches": 100,
    "epochs": 150,
    "early_stopping": 7,
    "checkpoints": null,
    "lr": 0.003,
    "reg": 0.001,
    "filters_per_layer": [
      64,
      128,
      256
    ],
    "pool_every": 3,
    "hidden_dims": [
      100
    ],
    "ycn": false,
    "kw": {},
    "layers_per_block": 3
  },
  "results": {
    "num_epochs": 7,
    "train_loss": [
      2.3035521149635314,
      2.303168048858643,
      2.302913942337036,
      2.3027404141426087,
      2.3026201033592226,
      2.3025376653671263,
      2.302481107711792,
      2.302441656589508
    ],
    "train_acc": [
      10.2109375,
      10.2109375,
      10.2109375,
      10.2109375,
      10.2109375,
      9.984375,
      10.1484375,
      10.3515625
    ],
    "test_loss": [
      2.3027341532707215,
      2.302556562423706,
      2.3024533224105834,
      2.3023962235450743,
      2.302369272708893,
      2.302360179424286,
      2.3023625564575196,
      2.3023703336715697
    ],
    "test_acc": [
      10.5,
      10.5,
      10.5,
      10.5,
      10.5,
      10.5,
      10.125,
      10.125
    ]
  }
}