{
  "config": {
    "run_name": "exp1_3_L4_K64-128-256",
    "out_dir": "./results2",
    "seed": 1711226775,
    "bs_train": 128,
    "bs_test": 32,
    "batches": 100,
    "epochs": 150,
    "early_stopping": 7,
    "checkpoints": null,
    "lr": 0.003,
    "reg": 0.001,
    "filters_per_layer": [
      64,
      128,
      256
    ],
    "pool_every": 4,
    "hidden_dims": [
      100
    ],
    "ycn": false,
    "kw": {},
    "layers_per_block": 4
  },
  "results": {
    "num_epochs": 12,
    "train_loss": [
      2.30366087436676,
      2.3032221937179567,
      2.3029361844062803,
      2.3027475666999817,
      2.302621290683746,
      2.3025360441207887,
      2.302478277683258,
      2.3024394726753235,
      2.3024126744270323,
      2.3023943948745726,
      2.3023818278312684,
      2.302373080253601,
      2.302366940975189
    ],
    "train_acc": [
      10.15625,
      10.15625,
      10.15625,
      10.15625,
      10.1015625,
      10.21875,
      10.3515625,
      10.3515625,
      10.3515625,
      10.3515625,
      10.3515625,
      10.3515625,
      10.3515625
    ],
    "test_loss": [
      2.3039626455307007,
      2.3035335516929627,
      2.3032418847084046,
      2.303039166927338,
      2.3028964257240294,
      2.302794575691223,
      2.302722592353821,
      2.302670714855194,
      2.302632508277893,
      2.302604856491089,
      2.3025841307640076,
      2.3025684452056883,
      2.302556436061859
    ],
    "test_acc": [
      9.84375,
      9.84375,
      9.84375,
      9.84375,
      9.84375,
      10.125,
      10.125,
      10.125,
      10.125,
      10.125,
      10.125,
      10.125,
      10.125
    ]
  }
}