{
  "config": {
    "run_name": "exp1_2_L2_L32",
    "out_dir": "./results2",
    "seed": 1687153140,
    "bs_train": 128,
    "bs_test": 32,
    "batches": 100,
    "epochs": 100,
    "early_stopping": 7,
    "checkpoints": null,
    "lr": 0.001,
    "reg": 0.001,
    "filters_per_layer": [
      32
    ],
    "pool_every": 3,
    "hidden_dims": [
      100
    ],
    "ycn": false,
    "kw": {},
    "layers_per_block": 2
  },
  "results": {
    "num_epochs": 87,
    "train_loss": [
      2.2952155089378357,
      2.261920306682587,
      2.183784065246582,
      2.074447150230408,
      1.9849240827560424,
      1.9300148177146912,
      1.8981699526309967,
      1.873119157552719,
      1.850988985300064,
      1.8301245009899139,
      1.8104151451587678,
      1.7907793760299682,
      1.7718350100517273,
      1.7529014658927917,
      1.7341085588932037,
      1.715594984292984,
      1.696998678445816,
      1.6786055076122284,
      1.6600257050991059,
      1.6410698437690734,
      1.6220955193042754,
      1.6034463214874268,
      1.5855639529228212,
      1.5683680331707002,
      1.5519845521450042,
      1.5363003849983214,
      1.521652500629425,
      1.5075400900840759,
      1.4948242330551147,
      1.4824011409282685,
      1.4702591967582703,
      1.459026757478714,
      1.4480014336109162,
      1.4365413451194764,
      1.42591574549675,
      1.4154147815704345,
      1.4047358429431915,
      1.3948069941997527,
      1.3845894300937653,
      1.3746288800239563,
      1.3642293119430542,
      1.354716351032257,
      1.3451252603530883,
      1.3354275500774384,
      1.325247850418091,
      1.3157394683361054,
      1.305996730327606,
      1.2962804889678956,
      1.286759467124939,
      1.2769854855537415,
      1.2670622444152833,
      1.2579027009010315,
      1.2477823579311371,
      1.238565857410431,
      1.229342168569565,
      1.219164826273918,
      1.2096976590156556,
      1.2003044295310974,
      1.1906641471385955,
      1.1810619693994522,
      1.1712828540802003,
      1.161583406329155,
      1.1518576461076737,
      1.1421636271476745,
      1.132581378221512,
      1.1229012674093246,
      1.1131791990995408,
      1.1035894221067428,
      1.0931285619735718,
      1.0836873263120652,
      1.0734137588739394,
      1.0631132394075393,
      1.0530089861154557,
      1.0426145374774933,
      1.0325752967596054,
      1.022109152674675,
      1.0113881814479828,
      1.0016914945840836,
      0.9909001511335372,
      0.9802832466363907,
      0.9701307678222656,
      0.959482090473175,
      0.9489618945121765,
      0.9378298336267471,
      0.9266460424661637,
      0.9156695562601089,
      0.9045251160860062,
      0.8930896484851837
    ],
    "train_acc": [
      14.8046875,
      19.859375,
      25.359375,
      28.1328125,
      30.6171875,
      32.4296875,
      33.4609375,
      34.2734375,
      35.1640625,
      35.8515625,
      36.671875,
      37.4140625,
      37.96875,
      38.7109375,
      39.40625,
      40.1171875,
      40.6796875,
      41.4453125,
      42.0625,
      42.484375,
      43.1015625,
      43.9296875,
      44.6484375,
      45.265625,
      45.7734375,
      46.3671875,
      46.8203125,
      47.2890625,
      47.7265625,
      48.1640625,
      48.7890625,
      49.0546875,
      49.578125,
      49.890625,
      50.21875,
      50.4921875,
      50.78125,
      51.1484375,
      51.421875,
      51.765625,
      51.9765625,
      52.3828125,
      52.7109375,
      53.0234375,
      53.3125,
      53.6328125,
      53.9609375,
      54.28125,
      54.7421875,
      55.1015625,
      55.40625,
      55.875,
      56.2890625,
      56.640625,
      56.984375,
      57.4296875,
      57.7578125,
      58.015625,
      58.3671875,
      58.703125,
      59.1484375,
      59.4375,
      59.8125,
      60.1640625,
      60.5390625,
      60.921875,
      61.2890625,
      61.6953125,
      62.1171875,
      62.3515625,
      62.953125,
      63.2890625,
      63.640625,
      64.0546875,
      64.5,
      64.9609375,
      65.2734375,
      65.6328125,
      66.109375,
      66.3984375,
      66.796875,
      67.265625,
      67.7265625,
      68.0390625,
      68.34375,
      68.71875,
      69.0390625,
      69.578125
    ],
    "test_loss": [
      2.282266638278961,
      2.2324332451820372,
      2.1282396495342253,
      2.0247882378101347,
      1.9527613818645477,
      1.9134053146839143,
      1.8859708762168885,
      1.8646014380455016,
      1.8471718943119049,
      1.8287574434280396,
      1.8115243101119995,
      1.7945263397693634,
      1.777024576663971,
      1.760449002981186,
      1.7443539583683014,
      1.7286156487464905,
      1.7142726767063141,
      1.6997646856307984,
      1.6837760066986085,
      1.668757003545761,
      1.6537408757209777,
      1.6400001740455628,
      1.6270805752277375,
      1.6147428202629088,
      1.6057654047012329,
      1.597146155834198,
      1.589623967409134,
      1.58281543135643,
      1.575779024362564,
      1.5668715858459472,
      1.5613133108615875,
      1.5557306015491486,
      1.5503911066055298,
      1.5435258805751801,
      1.5390370869636536,
      1.5366549849510194,
      1.5307185745239258,
      1.5242906832695007,
      1.520352499485016,
      1.5149762392044068,
      1.5116377651691437,
      1.508201495409012,
      1.504066116809845,
      1.5013640630245209,
      1.4967761886119844,
      1.4938713669776917,
      1.4903913414478303,
      1.4875266826152802,
      1.4842962086200715,
      1.4815094017982482,
      1.4779365241527558,
      1.4769161677360534,
      1.4751467382907868,
      1.4735627961158753,
      1.4673956727981567,
      1.4670037257671356,
      1.4639816653728486,
      1.4604027903079986,
      1.4580701506137848,
      1.456779305934906,
      1.4552738511562346,
      1.4528041476011275,
      1.451624015569687,
      1.4508211398124695,
      1.451329112648964,
      1.450676155090332,
      1.4523512363433837,
      1.4526933336257934,
      1.453851768374443,
      1.4531385946273803,
      1.455239490866661,
      1.4590612637996674,
      1.4594075161218643,
      1.4597420394420624,
      1.4628409683704375,
      1.4659355771541596,
      1.4714780920743942,
      1.4750144153833389,
      1.4756686359643936,
      1.481187151670456,
      1.4826484215259552,
      1.4876577240228652,
      1.4916679626703262,
      1.5003368932008743,
      1.5012517368793488,
      1.505856072306633,
      1.5160035943984986,
      1.5218993759155273
    ],
    "test_acc": [
      19.375,
      25.4375,
      28.5,
      30.15625,
      31.8125,
      32.96875,
      34.40625,
      35.90625,
      36.28125,
      36.71875,
      37.4375,
      38.09375,
      38.8125,
      39.46875,
      39.75,
      40.125,
      40.53125,
      41.0625,
      41.28125,
      41.71875,
      42.3125,
      42.40625,
      42.78125,
      42.875,
      43.09375,
      43.125,
      43.65625,
      44.125,
      44.21875,
      44.34375,
      44.59375,
      44.78125,
      45.21875,
      45.28125,
      45.5,
      45.78125,
      45.90625,
      46.3125,
      46.5625,
      46.625,
      47.0625,
      47.4375,
      47.53125,
      47.71875,
      47.6875,
      47.8125,
      47.65625,
      47.6875,
      48.03125,
      47.90625,
      47.8125,
      48.125,
      48.4375,
      48.625,
      48.75,
      48.6875,
      48.75,
      48.90625,
      49.125,
      49.15625,
      49.28125,
      49.6875,
      49.6875,
      49.75,
      49.71875,
      49.78125,
      50.0625,
      49.9375,
      50.0625,
      50.46875,
      50.40625,
      50.5625,
      50.53125,
      50.5,
      50.53125,
      50.5,
      50.625,
      50.78125,
      50.875,
      50.90625,
      51.03125,
      50.6875,
      50.8125,
      50.59375,
      50.65625,
      50.5625,
      50.28125,
      50.3125
    ]
  }
}