{
  "config": {
    "run_name": "exp1_2_L4_K32",
    "out_dir": "./results2",
    "seed": 1358011997,
    "bs_train": 128,
    "bs_test": 32,
    "batches": 100,
    "epochs": 150,
    "early_stopping": 7,
    "checkpoints": null,
    "lr": 0.003,
    "reg": 0.001,
    "filters_per_layer": [
      32
    ],
    "pool_every": 2.0,
    "hidden_dims": [
      100
    ],
    "ycn": false,
    "kw": {},
    "layers_per_block": 4
  },
  "results": {
    "num_epochs": 64,
    "train_loss": [
      2.3031259083747866,
      2.3026213908195494,
      2.3022784113883974,
      2.301991901397705,
      2.3017382049560546,
      2.3014779043197633,
      2.301153771877289,
      2.3007238006591795,
      2.3000769543647768,
      2.2989879608154298,
      2.2968966865539553,
      2.2916939997673036,
      2.2742396140098573,
      2.1818203353881835,
      2.034101413488388,
      1.9785976231098175,
      1.9418540620803832,
      1.9057033252716065,
      1.8663120436668397,
      1.831196311712265,
      1.802347900867462,
      1.7761829578876496,
      1.7524146616458893,
      1.7311399173736572,
      1.7088578510284425,
      1.686988308429718,
      1.6637271010875703,
      1.6412031745910645,
      1.6189033389091492,
      1.5968239200115204,
      1.5769113504886627,
      1.5564732098579406,
      1.53866250872612,
      1.5179228842258454,
      1.4977072846889496,
      1.479583214521408,
      1.459497824907303,
      1.4399147129058838,
      1.4202308201789855,
      1.399430011510849,
      1.3796620154380799,
      1.35892653465271,
      1.3394752550125122,
      1.3199938011169434,
      1.2992449986934662,
      1.2812100434303284,
      1.261639713048935,
      1.2418488550186157,
      1.2233449065685271,
      1.2021832156181336,
      1.181570018529892,
      1.160017410516739,
      1.1382894456386565,
      1.1166035312414169,
      1.0951472741365433,
      1.0743792456388475,
      1.0521269088983536,
      1.030123855471611,
      1.0072570610046387,
      0.9846254533529282,
      0.9595804250240326,
      0.9387045288085938,
      0.9176368910074234,
      0.8995172381401062,
      0.8834587723016739
    ],
    "train_acc": [
      10.15625,
      10.15625,
      10.15625,
      10.15625,
      10.609375,
      11.09375,
      10.5390625,
      11.2265625,
      12.5859375,
      14.703125,
      17.8828125,
      19.6875,
      18.6640625,
      20.0390625,
      25.03125,
      27.84375,
      29.6875,
      31.28125,
      33.15625,
      34.3046875,
      35.5390625,
      36.4140625,
      37.4375,
      38.1875,
      39.3046875,
      39.984375,
      40.9453125,
      41.75,
      42.625,
      43.0625,
      43.7109375,
      44.5,
      45.0078125,
      45.8359375,
      46.5,
      47.25,
      48.1796875,
      48.7265625,
      49.421875,
      49.9609375,
      50.8359375,
      51.5,
      52.015625,
      52.6796875,
      53.765625,
      54.3359375,
      55.0703125,
      55.640625,
      56.5390625,
      57.328125,
      58.046875,
      58.796875,
      59.7734375,
      60.4296875,
      61.3515625,
      62.2265625,
      63.078125,
      63.8515625,
      64.953125,
      65.8671875,
      66.671875,
      67.53125,
      68.1015625,
      68.8046875,
      69.65625
    ],
    "test_loss": [
      2.302792716026306,
      2.302441642284393,
      2.3021704959869385,
      2.3019373846054076,
      2.301709249019623,
      2.301445505619049,
      2.3010851526260376,
      2.300576992034912,
      2.2997601079940795,
      2.298301179409027,
      2.2952501511573793,
      2.2866389679908754,
      2.252187602519989,
      2.083617084026337,
      1.996154843568802,
      1.95729603767395,
      1.9205288863182068,
      1.8821611595153809,
      1.8441189646720886,
      1.8138543307781219,
      1.787353172302246,
      1.762179080247879,
      1.7423333859443664,
      1.7156886625289918,
      1.697338458299637,
      1.6764828717708589,
      1.6620328843593597,
      1.6485090446472168,
      1.641330258846283,
      1.6315779376029969,
      1.6293829345703126,
      1.6204581773281097,
      1.6034478569030761,
      1.599777171611786,
      1.5889625179767608,
      1.5952278876304626,
      1.5762882471084594,
      1.5632654893398286,
      1.546271721124649,
      1.5314270555973053,
      1.51735777258873,
      1.503921582698822,
      1.4875674951076507,
      1.4845636475086212,
      1.4781726372241974,
      1.4665692412853242,
      1.459648815393448,
      1.463906387090683,
      1.4510855823755264,
      1.4502754783630372,
      1.442376074194908,
      1.4420347708463668,
      1.4398152661323547,
      1.4466028517484666,
      1.4463659393787385,
      1.450937988758087,
      1.4566738164424897,
      1.4579330432415007,
      1.4708020502328873,
      1.4909220951795579,
      1.5125022095441818,
      1.5364509528875352,
      1.5467946934700012,
      1.5520531404018403,
      1.5533195692300796
    ],
    "test_acc": [
      9.84375,
      9.84375,
      9.84375,
      9.84375,
      9.90625,
      12.03125,
      10.5625,
      11.0625,
      13.25,
      16.21875,
      19.53125,
      18.6875,
      19.21875,
      21.03125,
      27.34375,
      29.4375,
      30.71875,
      32.8125,
      35.0625,
      36.21875,
      36.9375,
      37.78125,
      37.96875,
      38.875,
      39.46875,
      40.1875,
      41.03125,
      41.5,
      41.40625,
      41.125,
      41.71875,
      42.1875,
      43.0,
      43.25,
      44.125,
      43.90625,
      44.1875,
      44.875,
      45.75,
      46.3125,
      46.78125,
      47.5625,
      48.46875,
      48.71875,
      49.09375,
      49.6875,
      49.96875,
      50.21875,
      50.0625,
      50.40625,
      50.625,
      50.84375,
      50.46875,
      50.4375,
      50.40625,
      50.625,
      50.78125,
      51.0625,
      50.8125,
      50.875,
      50.4375,
      50.5625,
      50.03125,
      50.21875,
      50.34375
    ]
  }
}