{
  "config": {
    "run_name": "exp1_2_L2_L64",
    "out_dir": "./results2",
    "seed": 1263148828,
    "bs_train": 128,
    "bs_test": 32,
    "batches": 100,
    "epochs": 100,
    "early_stopping": 7,
    "checkpoints": null,
    "lr": 0.001,
    "reg": 0.001,
    "filters_per_layer": [
      64
    ],
    "pool_every": 2,
    "hidden_dims": [
      100
    ],
    "ycn": false,
    "kw": {},
    "layers_per_block": 2
  },
  "results": {
    "num_epochs": 98,
    "train_loss": [
      2.300068447589874,
      2.2917904376983644,
      2.279288184642792,
      2.2569807744026185,
      2.215772430896759,
      2.147791085243225,
      2.0671062099933626,
      2.0011779844760893,
      1.9577620017528534,
      1.928609870672226,
      1.9054963326454162,
      1.8848397755622863,
      1.8661086893081664,
      1.8487785530090333,
      1.832607891559601,
      1.817077763080597,
      1.802112772464752,
      1.7872716975212097,
      1.7723203086853028,
      1.7571074891090392,
      1.741800457239151,
      1.7261128532886505,
      1.7103333067893982,
      1.694124343395233,
      1.677985678911209,
      1.6618786728382111,
      1.6459585857391357,
      1.6303135764598846,
      1.6151374185085297,
      1.600635644197464,
      1.586321986913681,
      1.5724383366107941,
      1.558995326757431,
      1.5459539806842804,
      1.5330074799060822,
      1.5202383661270142,
      1.507778789997101,
      1.4955390167236329,
      1.4833470928668975,
      1.4716989362239838,
      1.4601037049293517,
      1.448871544599533,
      1.437698187828064,
      1.4263776624202729,
      1.4156363451480865,
      1.4053120470046998,
      1.3950610411167146,
      1.3849985790252686,
      1.3752744722366332,
      1.3656469333171843,
      1.3561744368076325,
      1.347175226211548,
      1.337968852519989,
      1.3285275733470916,
      1.319526104927063,
      1.3105908203125,
      1.3011122620105744,
      1.2920913207530975,
      1.283139669895172,
      1.2743546497821807,
      1.2652991271018983,
      1.2561346185207367,
      1.2469997382164002,
      1.2377049708366394,
      1.22818789601326,
      1.2186064517498016,
      1.2092182785272598,
      1.1994858276844025,
      1.189902868270874,
      1.1802051144838333,
      1.170696145296097,
      1.1611730027198792,
      1.1512031930685043,
      1.1414594131708145,
      1.1315324628353118,
      1.1217099612951278,
      1.1118562692403793,
      1.1021977311372757,
      1.0923592990636826,
      1.0826476627588273,
      1.0728169333934785,
      1.0632942193746566,
      1.053964769244194,
      1.0440046191215515,
      1.0346388947963714,
      1.0254043126106263,
      1.016298503279686,
      1.0071190756559372,
      0.9978645849227905,
      0.9887744563817978,
      0.9792697161436081,
      0.970008100271225,
      0.960493398308754,
      0.9516557455062866,
      0.9421227872371674,
      0.9329625523090362,
      0.923617690205574,
      0.9141164582967758,
      0.904627279639244,
      0.8954485136270524
    ],
    "train_acc": [
      10.9765625,
      12.2734375,
      12.4375,
      14.0703125,
      20.1015625,
      25.5625,
      27.953125,
      29.65625,
      30.9921875,
      32.0078125,
      33.0625,
      34.0703125,
      34.6640625,
      35.28125,
      36.046875,
      36.609375,
      37.1875,
      37.7421875,
      38.203125,
      38.671875,
      39.109375,
      39.71875,
      40.1875,
      40.703125,
      41.140625,
      41.6875,
      42.2265625,
      42.8828125,
      43.2734375,
      43.71875,
      44.1796875,
      44.5859375,
      45.078125,
      45.7421875,
      46.0546875,
      46.4140625,
      46.7265625,
      47.234375,
      47.6953125,
      48.140625,
      48.59375,
      48.96875,
      49.28125,
      49.7890625,
      50.1015625,
      50.359375,
      50.71875,
      51.140625,
      51.4296875,
      51.6953125,
      52.046875,
      52.3828125,
      52.734375,
      53.1640625,
      53.390625,
      53.796875,
      54.046875,
      54.3203125,
      54.609375,
      54.9921875,
      55.21875,
      55.578125,
      55.9375,
      56.3203125,
      56.7109375,
      56.9609375,
      57.15625,
      57.5546875,
      57.8671875,
      58.3125,
      58.671875,
      59.03125,
      59.46875,
      59.875,
      60.2734375,
      60.625,
      61.09375,
      61.4296875,
      61.703125,
      62.0,
      62.4140625,
      62.7421875,
      63.0546875,
      63.4765625,
      63.765625,
      64.125,
      64.46875,
      64.84375,
      65.125,
      65.7109375,
      66.0390625,
      66.328125,
      66.65625,
      67.0234375,
      67.5078125,
      67.90625,
      68.359375,
      68.65625,
      68.9765625,
      69.34375
    ],
    "test_loss": [
      2.2952708983421326,
      2.285351929664612,
      2.2689081406593323,
      2.2386154675483705,
      2.184077191352844,
      2.1062287414073944,
      2.033323860168457,
      1.9843178701400757,
      1.952543820142746,
      1.929044588804245,
      1.908370280265808,
      1.8893099355697631,
      1.8716314160823821,
      1.855268497467041,
      1.8403089153766632,
      1.826258089542389,
      1.8122552025318146,
      1.7988769114017487,
      1.7850760698318482,
      1.771034564971924,
      1.7572447657585144,
      1.7431395602226258,
      1.7286302268505096,
      1.7137210643291474,
      1.698812073469162,
      1.6837270963191986,
      1.6692952835559844,
      1.6555023765563965,
      1.64327645778656,
      1.6313667929172515,
      1.6212281012535095,
      1.6124531137943268,
      1.6041775631904602,
      1.5969902682304382,
      1.588906511068344,
      1.5816715919971467,
      1.5745788097381592,
      1.567406096458435,
      1.5579847705364227,
      1.5503384935855866,
      1.5430651450157165,
      1.5365082585811616,
      1.5280519115924835,
      1.5205161964893341,
      1.5129212641716003,
      1.5067413973808288,
      1.5001848673820495,
      1.4917389094829558,
      1.4857776951789856,
      1.480726181268692,
      1.4749746572971345,
      1.4665610778331757,
      1.4590553283691405,
      1.4546332108974456,
      1.447924132347107,
      1.4414039254188538,
      1.434946551322937,
      1.428574151992798,
      1.4233595490455628,
      1.4156795382499694,
      1.4097218000888825,
      1.404026585817337,
      1.397711350917816,
      1.3916845166683196,
      1.3861257302761079,
      1.3787890243530274,
      1.3727186608314514,
      1.366631823182106,
      1.3603459864854812,
      1.3558414089679718,
      1.350439590215683,
      1.3444851952791215,
      1.339348811507225,
      1.334755891561508,
      1.3301774919033051,
      1.3240845906734466,
      1.3212076282501222,
      1.317164615392685,
      1.3138846081495286,
      1.3109803998470306,
      1.3069273179769516,
      1.3042150592803956,
      1.2999425226449965,
      1.2972139894962311,
      1.2955526530742645,
      1.2927031117677688,
      1.2913997000455857,
      1.2895755767822266,
      1.2873888963460922,
      1.2845317715406417,
      1.2829032617807388,
      1.2815685909986496,
      1.2817574602365494,
      1.2802310127019882,
      1.279159842133522,
      1.2801937335729598,
      1.2801230728626252,
      1.2804884070158005,
      1.2821026986837387,
      1.2821099328994752
    ],