{
  "config": {
    "run_name": "exp2_L3_K64-128-256-512",
    "out_dir": "./results",
    "seed": 478200798,
    "bs_train": 128,
    "bs_test": 32,
    "batches": 100,
    "epochs": 100,
    "early_stopping": 10,
    "checkpoints": null,
    "lr": 0.001,
    "reg": 0.001,
    "filters_per_layer": [
      64,
      128,
      256,
      512
    ],
    "pool_every": 2,
    "hidden_dims": [
      128
    ],
    "ycn": true,
    "kw": {},
    "layers_per_block": 3
  },
  "results": {
    "num_epochs": 60,
    "train_loss": [
      2.223286690711975,
      1.9583871793746948,
      1.7864014458656312,
      1.693729897737503,
      1.6266140472888946,
      1.5627194809913636,
      1.5043469083309173,
      1.4284241461753846,
      1.3557695126533509,
      1.3135390031337737,
      1.2577593231201172,
      1.2059311425685884,
      1.1571755403280257,
      1.1179471343755722,
      1.0784438753128052,
      1.042714450955391,
      1.0101265758275986,
      0.9771463203430176,
      0.9539792883396149,
      0.9282212781906128,
      0.9047975963354111,
      0.8766213721036911,
      0.8571637445688247,
      0.8285818916559219,
      0.8152393627166749,
      0.7954032963514328,
      0.7700799041986466,
      0.7592873936891555,
      0.7377768307924271,
      0.7225276833772659,
      0.7088296508789063,
      0.6868146181106567,
      0.666189007461071,
      0.6618255859613419,
      0.6366534236073494,
      0.622944763302803,
      0.6028236520290374,
      0.5928956407308579,
      0.5753926303982735,
      0.5543366092443466,
      0.5513203391432762,
      0.5355330756306649,
      0.519960412979126,
      0.506011942923069,
      0.495975626707077,
      0.4769620111584663,
      0.47032195746898653,
      0.45729917198419573,
      0.4552245143055916,
      0.4313071599602699,
      0.42793783247470857,
      0.4145597779750824,
      0.4055535683035851,
      0.39228076964616776,
      0.3879372304677963,
      0.3766104455292225,
      0.36845692455768586,
      0.34787640497088435,
      0.3468127432465553,
      0.33954946503043176,
      0.3232376515865326
    ],
    "train_acc": [
      15.8359375,
      24.1875,
      30.046875,
      33.9453125,
      36.6328125,
      39.8046875,
      42.9609375,
      45.921875,
      49.296875,
      50.6484375,
      53.2734375,
      55.7734375,
      57.3359375,
      59.234375,
      60.546875,
      61.7109375,
      63.3828125,
      64.5703125,
      65.53125,
      65.859375,
      66.25,
      67.875,
      69.0078125,
      69.71875,
      70.9609375,
      71.0625,
      71.8828125,
      72.1171875,
      73.3828125,
      73.6640625,
      74.3515625,
      75.1875,
      75.9609375,
      75.703125,
      77.234375,
      77.59375,
      78.3984375,
      78.765625,
      79.6328125,
      80.2421875,
      80.328125,
      80.7890625,
      81.046875,
      81.8515625,
      82.1875,
      82.515625,
      82.71875,
      83.34375,
      83.40625,
      84.2734375,
      84.8046875,
      84.984375,
      85.4140625,
      86.203125,
      85.8359375,
      86.3125,
      86.609375,
      87.4765625,
      87.5859375,
      87.90625,
      88.6171875
    ],
    "test_loss": [
      2.274032025337219,
      2.2949237918853758,
      2.1534826350212097,
      2.1178845179080965,
      2.0956293499469756,
      2.201724798679352,
      2.0120459997653963,
      1.996154351234436,
      2.0726803505420683,
      2.2297675144672393,
      2.2227150201797485,
      2.287801191806793,
      2.1181165158748625,
      1.9104069828987122,
      2.004520136117935,
      1.665581772327423,
      1.659770143032074,
      1.8320899200439453,
      1.532064601778984,
      1.7522538661956788,
      1.4180922329425811,
      1.724248126745224,
      1.6034297800064088,
      1.4017842590808869,
      1.5138276988267898,
      1.3764583683013916,
      1.370405730009079,
      1.3412851983308791,
      1.5324036860466004,
      1.3078503173589706,
      1.3027930170297624,
      1.332857466340065,
      1.1446701604127885,
      1.280406214594841,
      1.1905254876613618,
      1.1138868647813798,
      1.1774462720751762,
      1.0707773134112357,
      1.0991974490880967,
      1.223406637609005,
      1.158990678191185,
      1.0506173023581504,
      1.121571592092514,
      1.2073893252015113,
      1.2016712433099748,
      1.4280341613292693,
      1.2330550736188888,
      1.2901161652803421,
      1.4906024605035781,
      1.3724075022339821,
      1.1026032710075377,
      1.227409752905369,
      1.298493167757988,
      1.2972516298294068,
      1.3644518959522247,
      1.3496706968545913,
      1.5966583847999574,
      1.3616161000728608,
      1.3935829627513885,
      1.6213309228420258,
      1.719616219997406
    ],
    "test_acc": [
      13.0625,
      15.125,
      21.46875,
      22.875,
      24.4375,
      23.15625,
      28.625,
      31.75,
      31.6875,
      30.21875,
      31.5625,
      31.3125,
      36.46875,
      40.1875,
      39.0625,
      46.0,
      47.28125,
      43.9375,
      50.15625,
      46.4375,
      53.53125,
      47.78125,
      50.28125,
      55.46875,
      53.75,
      56.15625,
      57.0,
      58.0625,
      55.46875,
      59.625,
      59.15625,
      59.25,
      63.09375,
      60.28125,
      62.53125,
      64.4375,
      63.65625,
      66.46875,
      65.78125,
      62.5625,
      64.25,
      66.875,
      66.0,
      64.3125,
      64.75,
      60.5625,
      64.375,
      63.375,
      61.0,
      62.40625,
      67.71875,
      65.875,
      64.40625,
      63.875,
      63.1875,
      63.5625,
      60.15625,
      63.0625,
      63.4375,
      60.4375,
      59.9375
    ]
  }
}