{
  "config": {
    "run_name": "exp2_L2_K64-128-256-512",
    "out_dir": "./results2",
    "seed": 2143019829,
    "bs_train": 128,
    "bs_test": 32,
    "batches": 100,
    "epochs": 100,
    "early_stopping": 7,
    "checkpoints": null,
    "lr": 0.001,
    "reg": 0.001,
    "filters_per_layer": [
      64,
      128,
      256,
      512
    ],
    "pool_every": 2,
    "hidden_dims": [
      100
    ],
    "ycn": false,
    "kw": {},
    "layers_per_block": 2
  },
  "results": {
    "num_epochs": 7,
    "train_loss": [
      2.3044266867637635,
      2.304179935455322,
      2.3039621472358705,
      2.3037692880630494,
      2.3035991024971008,
      2.3034489512443543,
      2.303317232131958,
      2.3032007026672363
    ],
    "train_acc": [
      10.2109375,
      10.2109375,
      10.2109375,
      10.2109375,
      10.2109375,
      10.2109375,
      10.2109375,
      10.2109375
    ],
    "test_loss": [
      2.3038757824897766,
      2.303680245876312,
      2.303509483337402,
      2.303359956741333,
      2.3032296657562257,
      2.3031168675422666,
      2.3030187606811525,
      2.302933466434479
    ],
    "test_acc": [
      10.46875,
      10.46875,
      10.46875,
      10.46875,
      10.46875,
      10.46875,
      10.46875,
      10.46875
    ]
  }
}