{
  "config": {
    "run_name": "exp2_L4_K64-128-256-512",
    "out_dir": "./results",
    "seed": 841535662,
    "bs_train": 128,
    "bs_test": 32,
    "batches": 100,
    "epochs": 100,
    "early_stopping": 10,
    "checkpoints": null,
    "lr": 0.001,
    "reg": 0.001,
    "filters_per_layer": [
      64,
      128,
      256,
      512
    ],
    "pool_every": 2,
    "hidden_dims": [
      128
    ],
    "ycn": true,
    "kw": {},
    "layers_per_block": 4
  },
  "results": {
    "num_epochs": 46,
    "train_loss": [
      2.180107966661453,
      1.928071837425232,
      1.81270565867424,
      1.7018321681022643,
      1.6096566927433014,
      1.5177556371688843,
      1.4293568062782287,
      1.3576919376850127,
      1.285077805519104,
      1.2209741842746735,
      1.1569477140903472,
      1.1089374417066573,
      1.067106093764305,
      1.0262768864631653,
      0.9923638969659805,
      0.9539773833751678,
      0.9222770482301712,
      0.9022725594043731,
      0.864167897105217,
      0.842227720618248,
      0.8163156044483185,
      0.793031240105629,
      0.763555315732956,
      0.742544105052948,
      0.7190174239873887,
      0.6887643486261368,
      0.667321155667305,
      0.65114994764328,
      0.6363241428136825,
      0.6165594640374183,
      0.5935107773542404,
      0.5694164645671844,
      0.5625003382563591,
      0.5417847588658333,
      0.5405344766378403,
      0.5095248171687126,
      0.49828889667987825,
      0.47246794909238815,
      0.4553330999612808,
      0.45988939195871353,
      0.4306414046883583,
      0.42223840326070783,
      0.41044595927000044,
      0.3932753148674965,
      0.3771942919492722,
      0.3683335369825363,
      0.3559171850979328
    ],
    "train_acc": [
      16.515625,
      22.625,
      29.15625,
      33.5546875,
      37.5078125,
      42.484375,
      45.8984375,
      49.15625,
      52.40625,
      55.234375,
      57.7421875,
      59.2265625,
      61.28125,
      62.4453125,
      63.828125,
      65.4453125,
      66.8359375,
      67.1171875,
      68.7421875,
      69.15625,
      70.640625,
      71.0859375,
      72.6015625,
      73.0859375,
      74.125,
      75.375,
      76.0234375,
      76.5703125,
      76.8515625,
      77.5546875,
      78.6328125,
      79.5234375,
      79.75,
      80.75,
      80.421875,
      81.421875,
      81.90625,
      82.984375,
      83.421875,
      83.4921875,
      84.546875,
      85.125,
      85.2734375,
      85.796875,
      86.7421875,
      86.7109375,
      87.421875
    ],
    "test_loss": [
      2.3019823312759398,
      2.2963585555553436,
      2.30339054107666,
      2.16447851061821,
      2.048020838499069,
      1.8577728486061096,
      1.870390852689743,
      1.6334249866008759,
      1.7011446487903594,
      1.781631886959076,
      1.633194524049759,
      1.5816388338804246,
      1.3805275970697404,
      1.468668817281723,
      1.364168594479561,
      1.3890949827432633,
      1.3065274894237517,
      1.2441877108812331,
      1.2265567809343338,
      1.2317740499973298,
      1.2148570239543914,
      1.1564779913425445,
      1.2902541780471801,
      1.1170628786087036,
      0.9964857584238053,
      1.0458103621006012,
      1.0726085370779037,
      1.0322471821308137,
      1.186986436843872,
      1.1205730944871903,
      1.0251608783006667,
      1.1890327578783035,
      1.0729223322868346,
      1.1177520889043808,
      1.0526638275384903,
      1.0846939423680306,
      1.0483560168743133,
      1.115557610988617,
      1.2628306502103805,
      1.115652361512184,
      1.2100510829687119,
      1.3216775381565093,
      1.3067221254110337,
      1.411091340780258,
      1.3498377597332,
      1.576346310377121,
      1.203632556796074
    ],
    "test_acc": [
      11.90625,
      14.25,
      16.6875,
      22.71875,
      29.34375,
      35.71875,
      37.46875,
      43.21875,
      42.625,
      42.4375,
      46.25,
      47.53125,
      52.875,
      51.71875,
      54.5,
      54.15625,
      55.9375,
      57.0625,
      57.40625,
      58.84375,
      59.0,
      62.40625,
      58.21875,
      62.75,
      66.28125,
      65.3125,
      65.4375,
      65.875,
      62.21875,
      64.40625,
      66.875,
      63.34375,
      67.125,
      65.9375,
      66.84375,
      66.5625,
      67.46875,
      66.53125,
      63.9375,
      66.96875,
      66.125,
      63.9375,
      65.09375,
      62.15625,
      63.28125,
      61.21875,
      67.28125
    ]
  }
}