{
  "config": {
    "run_name": "exp2_L2_K64-128-256-512",
    "out_dir": "./results",
    "seed": 1067910345,
    "bs_train": 128,
    "bs_test": 32,
    "batches": 100,
    "epochs": 100,
    "early_stopping": 10,
    "checkpoints": null,
    "lr": 0.001,
    "reg": 0.001,
    "filters_per_layer": [
      64,
      128,
      256,
      512
    ],
    "pool_every": 2,
    "hidden_dims": [
      128
    ],
    "ycn": true,
    "kw": {},
    "layers_per_block": 2
  },
  "results": {
    "num_epochs": 99,
    "train_loss": [
      2.2495600843429564,
      2.0150379288196563,
      1.8300353598594665,
      1.7335693502426148,
      1.6602684187889098,
      1.6046002280712128,
      1.5522415363788604,
      1.4860875236988067,
      1.4296700263023376,
      1.3812561047077179,
      1.3347491073608397,
      1.2864255356788634,
      1.254843133687973,
      1.2149986457824706,
      1.1894143038988114,
      1.1585049247741699,
      1.1310478127002717,
      1.1054332315921784,
      1.077813572883606,
      1.0550737768411635,
      1.0304801046848298,
      1.0113924300670625,
      0.996675882935524,
      0.9802613043785096,
      0.9565647506713867,
      0.9423557603359223,
      0.9153576231002808,
      0.9141543644666672,
      0.8897605860233306,
      0.8789932179450989,
      0.8588747930526733,
      0.8478129667043686,
      0.8309501910209656,
      0.8148729395866394,
      0.801784235239029,
      0.7927216458320617,
      0.7876325994729996,
      0.7634407794475555,
      0.759724685549736,
      0.7512385815382003,
      0.741314155459404,
      0.7256440317630768,
      0.7134220206737518,
      0.695665573477745,
      0.6919180792570114,
      0.6900875705480576,
      0.6695934587717056,
      0.6527235695719719,
      0.6464102330803871,
      0.6483305221796036,
      0.6355714720487594,
      0.6332356411218644,
      0.6199660363793373,
      0.6117453444004058,
      0.6063660749793053,
      0.5875018858909606,
      0.5828220447897912,
      0.5747236216068268,
      0.5637176495790481,
      0.5568254697322845,
      0.5447270673513412,
      0.5499207544326782,
      0.5279926630854607,
      0.5330936050415039,
      0.5158686918020249,
      0.5039722082018853,
      0.5056169873476029,
      0.49497961103916166,
      0.49292317271232605,
      0.4863138568401337,
      0.47455658614635465,
      0.47887344777584073,
      0.4608727177977562,
      0.4614492174983025,
      0.44830684959888456,
      0.445291728079319,
      0.43701699167490005,
      0.4285616388916969,
      0.41916567891836165,
      0.4306816603243351,
      0.41311183393001555,
      0.4017798471450806,
      0.39396220847964286,
      0.39843749240040777,
      0.39198743522167206,
      0.39155380457639694,
      0.3891907188296318,
      0.3715824507176876,
      0.370294534265995,
      0.3616675309836864,
      0.3601375222206116,
      0.35039966031908987,
      0.3509093901515007,
      0.34630554392933843,
      0.3387922604382038,
      0.3370823000371456,
      0.33519794896245003,
      0.32845442593097685,
      0.3237357847392559,
      0.312160147279501
    ],
    "train_acc": [
      15.1484375,
      24.3671875,
      29.9140625,
      33.609375,
      36.3125,
      39.671875,
      41.4375,
      44.5,
      47.0390625,
      48.53125,
      51.046875,
      52.796875,
      53.765625,
      55.71875,
      56.5703125,
      57.7578125,
      58.921875,
      59.75,
      60.9296875,
      61.734375,
      62.328125,
      62.875,
      63.84375,
      64.2109375,
      65.2421875,
      65.78125,
      66.7890625,
      66.21875,
      67.96875,
      68.328125,
      69.1953125,
      69.171875,
      69.8828125,
      71.1015625,
      71.0,
      71.7421875,
      71.671875,
      72.5703125,
      72.78125,
      72.9921875,
      73.2109375,
      73.8125,
      74.609375,
      75.1484375,
      74.84375,
      75.390625,
      75.65625,
      76.6328125,
      76.6875,
      76.5390625,
      77.046875,
      76.8125,
      77.65625,
      77.765625,
      78.0859375,
      78.8828125,
      78.953125,
      79.3828125,
      79.90625,
      79.53125,
      80.6328125,
      80.046875,
      81.09375,
      80.4453125,
      81.3828125,
      81.765625,
      81.8984375,
      82.4765625,
      82.421875,
      82.1328125,
      82.859375,
      82.6953125,
      83.515625,
      83.3515625,
      84.1875,
      84.015625,
      84.5703125,
      84.4453125,
      84.90625,
      84.7265625,
      85.1484375,
      85.6171875,
      85.9609375,
      85.6640625,
      86.109375,
      85.9453125,
      85.8125,
      86.5,
      86.671875,
      86.9453125,
      86.921875,
      87.171875,
      87.1328125,
      87.2578125,
      87.7734375,
      87.9296875,
      88.0390625,
      88.0625,
      88.296875,
      88.6953125
    ],
    "test_loss": [
      2.24242618560791,
      2.1257068800926207,
      2.087038677930832,
      1.9851976466178893,
      2.023132029771805,
      1.8291894161701203,
      1.7745267009735108,
      1.7816538619995117,
      1.697588324546814,
      1.7213616383075714,
      1.6845167684555054,
      1.601294116973877,
      1.554889715909958,
      1.514631258249283,
      1.5471680784225463,
      1.508766770362854,
      1.518810384273529,
      1.3574206095933914,
      1.3347734934091569,
      1.2586253130435943,
      1.3095550352334977,
      1.1759011793136596,
      1.1756338000297546,
      1.246345865726471,
      1.1626260870695113,
      1.1572894459962846,
      1.1018840229511262,
      1.1537877291440963,
      1.072162271142006,
      1.1306214672327042,
      1.0170795208215713,
      1.0718819618225097,
      0.9775636684894562,
      0.9581164529919625,
      0.9870127713680268,
      1.0982846933603287,
      0.8947379377484321,
      1.008580783009529,
      0.9515105083584785,
      0.9362967395782471,
      0.9609750482439995,
      0.9208773672580719,
      0.8991831031441688,
      0.8504721990227699,
      0.9117951527237892,
      0.8828277704119682,
      0.8357434040307998,
      0.9221453830599785,
      0.8170540538430214,
      0.8725423634052276,
      0.970347358584404,
      0.8134815150499344,
      0.9249701979756355,
      0.794006475508213,
      0.832774233520031,
      0.8309715586900711,
      0.8169755175709724,
      0.7939061340689659,
      0.8509375333786011,
      0.8133742961287499,
      0.81362289249897,
      0.8117507833242417,
      0.8957013034820557,
      0.840108970105648,
      0.7602281874418259,
      0.8017562770843506,
      0.8360999628901482,
      0.7559881000220776,
      0.7538280752301216,
      0.8330716609954834,
      0.8026803475618363,
      0.8132140219211579,
      0.8574524176120758,
      0.8310237833857537,
      0.7679868102073669,
      0.7636796262860298,
      0.7798807841539382,
      0.7576312533020974,
      0.7645430278778076,
      0.8227079507708549,
      0.8287232998013496,
      0.7625988675653934,
      0.8083606916666031,
      0.7413596853613853,
      0.7991998946666717,
      0.7753841963410377,
      0.7803520658612251,
      0.8141166722774505,
      0.8103842115402222,
      0.7739424821734429,
      0.7755712854862213,
      0.749749598801136,
      0.8120348855853081,
      0.7384190344810486,
      0.811963894367218,
      0.7826834949851036,
      0.7214897093176842,
      0.7679361581802369,
      0.8233385482430458,
      0.7995085573196411
    ],