{
  "config": {
    "run_name": "exp2_L1_K64-128-256-512",
    "out_dir": "./results2",
    "seed": 686025279,
    "bs_train": 128,
    "bs_test": 32,
    "batches": 100,
    "epochs": 100,
    "early_stopping": 7,
    "checkpoints": null,
    "lr": 0.001,
    "reg": 0.001,
    "filters_per_layer": [
      64,
      128,
      256,
      512
    ],
    "pool_every": 2,
    "hidden_dims": [
      100
    ],
    "ycn": false,
    "kw": {},
    "layers_per_block": 1
  },
  "results": {
    "num_epochs": 94,
    "train_loss": [
      2.304269256591797,
      2.302433807849884,
      2.3006945633888245,
      2.2985686826705933,
      2.2958320808410644,
      2.292057750225067,
      2.2864596962928774,
      2.277439694404602,
      2.2615215182304382,
      2.2305090117454527,
      2.172724175453186,
      2.0980668377876284,
      2.030227509737015,
      1.9935349917411804,
      1.9728652691841126,
      1.9556291019916534,
      1.938635014295578,
      1.921412888765335,
      1.903481479883194,
      1.8848637306690217,
      1.866269508600235,
      1.8477217948436737,
      1.8299704527854919,
      1.812644520998001,
      1.7956311357021333,
      1.7789439916610719,
      1.7621607375144959,
      1.745243171453476,
      1.7292307221889496,
      1.7136197865009308,
      1.6982676589488983,
      1.6823600721359253,
      1.6671224319934845,
      1.6521792495250702,
      1.635937863588333,
      1.6209304201602937,
      1.6057569897174835,
      1.590700843334198,
      1.5761944341659546,
      1.5619787406921386,
      1.5480874621868133,
      1.534183259010315,
      1.519638670682907,
      1.5065330362319946,
      1.4932209587097167,
      1.4795256567001343,
      1.4667665755748749,
      1.4533770728111266,
      1.4403369879722596,
      1.427620881795883,
      1.4152216911315918,
      1.4024508011341095,
      1.3905204367637634,
      1.3784519565105438,
      1.3662905764579774,
      1.3541769981384277,
      1.3412645030021668,
      1.3287426042556763,
      1.3161496317386627,
      1.3036900246143341,
      1.2911566758155824,
      1.2792170238494873,
      1.2665922713279725,
      1.2534124505519868,
      1.2402252840995789,
      1.22844043135643,
      1.2156043064594269,
      1.2027392029762267,
      1.1907894933223724,
      1.1788450634479524,
      1.1667183351516723,
      1.1539699363708495,
      1.141266963481903,
      1.1282423532009125,
      1.1149646526575088,
      1.1026788371801377,
      1.0904251992702485,
      1.077461643218994,
      1.0638466262817383,
      1.0504461574554442,
      1.0381636440753936,
      1.0240350061655044,
      1.0101004284620285,
      0.9963705682754517,
      0.9830066281557083,
      0.9678316605091095,
      0.9530067670345307,
      0.9393021106719971,
      0.9259231752157211,
      0.9119047486782074,
      0.8961714881658555,
      0.882285720705986,
      0.8685064607858658,
      0.8561133772134781,
      0.8429501968622207
    ],
    "train_acc": [
      9.7734375,
      9.9453125,
      12.25,
      14.1875,
      15.4765625,
      17.859375,
      17.8359375,
      17.0,
      18.453125,
      21.65625,
      24.484375,
      26.3359375,
      27.3984375,
      28.421875,
      29.2734375,
      30.1484375,
      31.0625,
      32.03125,
      32.7890625,
      33.640625,
      34.375,
      35.234375,
      35.7578125,
      36.25,
      36.765625,
      37.2890625,
      37.7421875,
      38.109375,
      38.90625,
      39.5078125,
      40.0,
      40.609375,
      41.1796875,
      41.921875,
      42.5625,
      43.1796875,
      43.7265625,
      44.140625,
      44.390625,
      44.90625,
      45.4921875,
      45.9375,
      46.546875,
      46.765625,
      47.3515625,
      47.8046875,
      48.4140625,
      48.7421875,
      49.25,
      49.9296875,
      50.3984375,
      50.6171875,
      51.109375,
      51.4921875,
      51.953125,
      52.4375,
      52.8359375,
      53.46875,
      53.78125,
      54.359375,
      54.6953125,
      55.203125,
      55.6484375,
      56.234375,
      56.640625,
      57.09375,
      57.5546875,
      57.90625,
      58.2734375,
      58.7421875,
      59.3828125,
      59.75,
      60.171875,
      60.7734375,
      61.328125,
      61.75,
      62.296875,
      62.640625,
      63.25,
      63.6015625,
      64.0859375,
      64.6875,
      65.2421875,
      65.8203125,
      66.3125,
      66.9296875,
      67.5,
      67.9140625,
      68.3984375,
      69.015625,
      69.5234375,
      70.203125,
      70.5703125,
      71.1953125,
      71.5234375
    ],
    "test_loss": [
      2.3032746291160584,
      2.30161758184433,
      2.2996949553489685,
      2.2972789454460143,
      2.2940412616729735,
      2.2894306588172912,
      2.28233008146286,
      2.2705294823646547,
      2.248847131729126,
      2.205480208396912,
      2.134960463047028,
      2.0595623099803926,
      2.0079380440711976,
      1.9834832406044007,
      1.9662935400009156,
      1.951182506084442,
      1.9355374705791473,
      1.918595974445343,
      1.8998162984848022,
      1.8812362802028657,
      1.8615342819690703,
      1.8433224856853485,
      1.8245731580257416,
      1.8069096779823304,
      1.7880357217788696,
      1.7698574542999268,
      1.7531244325637818,
      1.7345946073532104,
      1.721558265686035,
      1.7081398224830628,
      1.698249032497406,
      1.69257794380188,
      1.6844932174682616,
      1.6777703642845154,
      1.6667902600765228,
      1.6639745044708252,
      1.6619317078590392,
      1.6529686045646668,
      1.6444027125835419,
      1.6340437161922454,
      1.622836410999298,
      1.6048952388763427,
      1.595022464990616,
      1.5894280970096588,
      1.5742716324329376,
      1.5660354042053222,
      1.554660620689392,
      1.5411394762992858,
      1.5323070538043977,
      1.5196946907043456,
      1.5092462050914763,
      1.5034231162071228,
      1.4936292707920074,
      1.4852241086959839,
      1.4786856031417848,
      1.4745592832565309,
      1.4694521856307983,
      1.4608064532279967,
      1.4526592242717742,
      1.4467579770088195,
      1.434875420331955,
      1.428485860824585,
      1.4155187010765076,
      1.4084208226203918,
      1.405482873916626,
      1.4031543970108031,
      1.3980370914936067,
      1.3941387450695037,
      1.3912550419569016,
      1.3892451643943786,
      1.387584011554718,
      1.3822852516174315,
      1.381179067492485,
      1.378534432053566,
      1.3786826080083847,
      1.3773728120326996,
      1.3720879650115967,
      1.3721837425231933,
      1.3725703686475754,
      1.373683249950409,
      1.3726334935426712,
      1.374319639801979,
      1.375701841711998,
      1.3736196219921113,
      1.3771060037612914,
      1.377788547873497,
      1.38071949839592,
      1.3840148735046387,
      1.3925298023223878,
      1.3973447823524474,
      1.404920364022255,
      1.4108236396312714,
      1.4172518610954286,
      1.42184490442276,
      1.4347283512353897
    ],