{
  "config": {
    "run_name": "exp1_1_K32_L4",
    "out_dir": "./results",
    "seed": 672884923,
    "bs_train": 128,
    "bs_test": 32,
    "batches": 100,
    "epochs": 120,
    "early_stopping": 10,
    "checkpoints": null,
    "lr": 0.005,
    "reg": 0.001,
    "filters_per_layer": [
      32
    ],
    "pool_every": 2.0,
    "hidden_dims": [
      100
    ],
    "ycn": false,
    "kw": {},
    "layers_per_block": 4
  },
  "results": {
    "num_epochs": 53,
    "train_loss": [
      2.303289930820465,
      2.3014655900001526,
      2.2978410005569456,
      2.281817297935486,
      2.204539589881897,
      2.13079514503479,
      2.022880594730377,
      1.9524221897125245,
      1.8931897723674773,
      1.833114950656891,
      1.778233252763748,
      1.7329395031929016,
      1.6932975566387176,
      1.6608609890937804,
      1.6312998533248901,
      1.6040536153316498,
      1.5764185762405396,
      1.551110725402832,
      1.5276595628261567,
      1.5018095421791076,
      1.4779038655757903,
      1.4542364823818206,
      1.4294519448280334,
      1.4030577909946442,
      1.3802457106113435,
      1.3577721500396729,
      1.3339838325977325,
      1.307445706129074,
      1.2868085992336273,
      1.2660551404953002,
      1.2459352099895478,
      1.2241571414470673,
      1.1988526344299317,
      1.1753692400455475,
      1.149433696269989,
      1.1222524464130401,
      1.0967137789726258,
      1.0691273593902588,
      1.0413119906187058,
      1.013842260837555,
      0.9838077706098557,
      0.949632385969162,
      0.9172446453571319,
      0.888187660574913,
      0.8596313184499741,
      0.8264822083711624,
      0.8010040146112442,
      0.7769493019580841,
      0.7584030443429947,
      0.7469722145795822,
      0.7129951792955399,
      0.6619089663028717,
      0.6136606904864311,
      0.5789165592193604
    ],
    "train_acc": [
      10.2109375,
      10.2109375,
      10.4609375,
      12.734375,
      17.6015625,
      22.5078125,
      27.28125,
      29.8359375,
      32.15625,
      34.953125,
      36.765625,
      38.5703125,
      39.828125,
      40.875,
      42.265625,
      43.484375,
      44.5,
      45.3046875,
      46.2734375,
      47.2109375,
      47.578125,
      48.5234375,
      49.296875,
      50.2578125,
      51.015625,
      51.9375,
      52.8203125,
      53.703125,
      54.5546875,
      54.984375,
      55.5,
      56.484375,
      57.4375,
      58.359375,
      59.21875,
      60.2734375,
      61.2109375,
      62.078125,
      63.28125,
      64.3125,
      65.375,
      66.5703125,
      67.8671875,
      68.7421875,
      70.046875,
      71.4609375,
      72.2421875,
      73.1796875,
      73.703125,
      73.8828125,
      75.0390625,
      77.140625,
      78.8046875,
      79.9765625
    ],
    "test_loss": [
      2.3028830170631407,
      2.300515193939209,
      2.2937126755714417,
      2.2567600321769716,
      2.171108740568161,
      2.071805874109268,
      1.9722899031639098,
      1.9199023640155792,
      1.8588630640506745,
      1.7937691354751586,
      1.7433104920387268,
      1.7157229161262513,
      1.6972769927978515,
      1.6844235277175903,
      1.6713189995288849,
      1.6391810441017152,
      1.6254478323459625,
      1.6158954739570617,
      1.614146478176117,
      1.5697006511688232,
      1.553259892463684,
      1.5398561763763428,
      1.528973616361618,
      1.5200349688529968,
      1.5106960153579712,
      1.4897710382938385,
      1.476469874382019,
      1.4700042140483855,
      1.4779640555381774,
      1.4751863944530488,
      1.4715940392017364,
      1.474476853609085,
      1.4832053005695343,
      1.4707929855585098,
      1.4656725496053695,
      1.4882471191883087,
      1.4793296355009078,
      1.4744363981485367,
      1.4865168362855912,
      1.4907213217020034,
      1.4989381515979767,
      1.5276864087581634,
      1.5624324679374695,
      1.5818492710590362,
      1.6209992176294328,
      1.6587781250476836,
      1.6982706105709076,
      1.7852806127071381,
      1.879973803758621,
      1.8151271998882295,
      1.7917432081699372,
      1.8893608713150025,
      2.009727965593338,
      2.1456122219562532
    ],
    "test_acc": [
      10.5,
      10.5,
      13.65625,
      13.53125,
      22.1875,
      27.3125,
      30.96875,
      32.65625,
      35.3125,
      37.125,
      39.0625,
      39.9375,
      40.90625,
      41.5,
      42.375,
      43.0,
      43.3125,
      43.21875,
      43.46875,
      43.9375,
      44.65625,
      45.09375,
      45.75,
      46.34375,
      46.75,
      47.6875,
      47.90625,
      48.4375,
      48.25,
      48.40625,
      49.0,
      49.1875,
      49.0,
      49.90625,
      49.75,
      49.90625,
      50.59375,
      50.375,
      50.25,
      51.0625,
      51.59375,
      51.21875,
      51.34375,
      51.65625,
      51.28125,
      50.59375,
      50.40625,
      49.6875,
      48.625,
      49.5625,
      50.8125,
      49.625,
      49.3125,
      48.25
    ]
  }
}