{
  "config": {
    "run_name": "exp1_1_K32_L16",
    "out_dir": "./results",
    "seed": 42,
    "bs_train": 128,
    "bs_test": 32,
    "batches": 100,
    "epochs": 100,
    "early_stopping": 5,
    "checkpoints": null,
    "lr": 0.001,
    "reg": 0.001,
    "filters_per_layer": [
      32
    ],
    "pool_every": 8,
    "hidden_dims": [
      100
    ],
    "ycn": false,
    "kw": {},
    "layers_per_block": 16
  },
  "results": {
    "num_epochs": 10,
    "train_loss": [
      2.3031812071800233,
      2.303061554431915,
      2.302958073616028,
      2.3028688788414002,
      2.302792279720306,
      2.302726352214813,
      2.3026695370674135,
      2.3026213884353637,
      2.3025799345970155,
      2.302544188499451,
      2.302513403892517
    ],
    "train_acc": [
      9.5859375,
      9.5859375,
      9.5859375,
      9.5859375,
      9.5859375,
      9.7890625,
      10.3515625,
      10.3515625,
      10.3515625,
      10.3515625,
      10.3515625
    ],
    "test_loss": [
      2.303436620235443,
      2.303313844203949,
      2.3032072091102602,
      2.3031148147583007,
      2.303034949302673,
      2.3029656338691713,
      2.302905435562134,
      2.3028536677360534,
      2.3028087711334226,
      2.302769138813019,
      2.3027349662780763
    ],
    "test_acc": [
      9.625,
      9.625,
      9.625,
      9.625,
      9.625,
      10.125,
      10.125,
      10.125,
      10.125,
      10.125,
      10.125
    ]
  }
}