{
  "config": {
    "run_name": "exp1_1_K32_L8",
    "out_dir": "./results",
    "seed": 42,
    "bs_train": 128,
    "bs_test": 32,
    "batches": 100,
    "epochs": 100,
    "early_stopping": 5,
    "checkpoints": null,
    "lr": 0.001,
    "reg": 0.001,
    "filters_per_layer": [
      32
    ],
    "pool_every": 4,
    "hidden_dims": [
      100
    ],
    "ycn": false,
    "kw": {},
    "layers_per_block": 8
  },
  "results": {
    "num_epochs": 5,
    "train_loss": [
      2.3037301564216612,
      2.3035380005836488,
      2.303376281261444,
      2.3032366490364073,
      2.3031168818473815,
      2.3030141258239745
    ],
    "train_acc": [
      10.2109375,
      10.2109375,
      10.2109375,
      10.2109375,
      10.2109375,
      10.2109375
    ],
    "test_loss": [
      2.303401017189026,
      2.3032595038414003,
      2.3031395506858825,
      2.3030379009246826,
      2.3029517936706543,
      2.302878887653351
    ],
    "test_acc": [
      10.46875,
      10.46875,
      10.46875,
      10.46875,
      10.46875,
      10.46875
    ]
  }
}