{
  "config": {
    "run_name": "exp1_1_K32_L2",
    "out_dir": "./results",
    "seed": 155182902,
    "bs_train": 128,
    "bs_test": 32,
    "batches": 100,
    "epochs": 100,
    "early_stopping": 7,
    "checkpoints": null,
    "lr": 0.001,
    "reg": 0.001,
    "filters_per_layer": [
      32
    ],
    "pool_every": 1.0,
    "hidden_dims": [
      100
    ],
    "ycn": false,
    "kw": {},
    "layers_per_block": 2
  },
  "results": {
    "num_epochs": 99,
    "train_loss": [
      2.3027356457710266,
      2.3005746150016786,
      2.2985621428489686,
      2.2961156964302063,
      2.292909257411957,
      2.288855926990509,
      2.2829508113861086,
      2.2744329357147217,
      2.262066388130188,
      2.244174163341522,
      2.2207255077362063,
      2.1952359461784363,
      2.172939040660858,
      2.1549980664253234,
      2.138039774894714,
      2.119073872566223,
      2.0958031749725343,
      2.0671614146232606,
      2.0345614659786224,
      2.0027261567115784,
      1.9767381322383881,
      1.9574524390697479,
      1.9426518535614015,
      1.9303865802288056,
      1.9191441643238067,
      1.9083865427970885,
      1.8978875136375428,
      1.8873606777191163,
      1.8768445575237274,
      1.8662799859046937,
      1.8557622575759887,
      1.8450134158134461,
      1.8336451637744904,
      1.822295869588852,
      1.8107146000862122,
      1.7988141405582427,
      1.7866017878055573,
      1.7739811551570892,
      1.761220749616623,
      1.7481481540203094,
      1.7346491920948028,
      1.721094127893448,
      1.707292138338089,
      1.6935136556625365,
      1.6797171282768248,
      1.6655515611171723,
      1.6516937494277955,
      1.638008828163147,
      1.6244589519500732,
      1.6113419473171233,
      1.598112324476242,
      1.5851978635787964,
      1.5727954030036926,
      1.5606761705875396,
      1.548927686214447,
      1.5377668809890748,
      1.5270098888874053,
      1.5163391900062562,
      1.5061183845996857,
      1.496370553970337,
      1.4870984768867492,
      1.4779488158226013,
      1.4694623506069184,
      1.4612568712234497,
      1.4532363140583038,
      1.445548930168152,
      1.4380569231510163,
      1.4310160279273987,
      1.4239168417453767,
      1.4168078207969665,
      1.4102616667747498,
      1.4037481606006623,
      1.3973521637916564,
      1.3911710166931153,
      1.3851488745212555,
      1.3792310321331025,
      1.3735467731952666,
      1.3678673553466796,
      1.36221719622612,
      1.3568731570243835,
      1.3516607630252837,
      1.3463625133037567,
      1.341187937259674,
      1.336097867488861,
      1.3308416986465454,
      1.3259025287628174,
      1.320907346010208,
      1.3161163222789765,
      1.3113092398643493,
      1.306656047105789,
      1.3018959641456604,
      1.2970455169677735,
      1.292475255727768,
      1.2876737999916077,
      1.2830614304542542,
      1.278299068212509,
      1.2736044085025788,
      1.2684715056419373,
      1.2638288092613221,
      1.2592745125293732
    ],
    "train_acc": [
      10.484375,
      12.3203125,
      12.578125,
      12.3828125,
      13.140625,
      14.625,
      15.2734375,
      16.2890625,
      17.6328125,
      18.65625,
      19.84375,
      20.515625,
      21.234375,
      22.4609375,
      23.671875,
      25.1171875,
      26.671875,
      28.0703125,
      29.28125,
      30.0546875,
      30.9140625,
      31.3125,
      31.8671875,
      32.2734375,
      32.75,
      33.171875,
      33.4765625,
      33.9296875,
      34.21875,
      34.7265625,
      35.046875,
      35.3515625,
      35.8671875,
      36.3125,
      36.6796875,
      37.15625,
      37.3515625,
      37.703125,
      38.1953125,
      38.5703125,
      39.1328125,
      39.734375,
      40.28125,
      40.6953125,
      40.9765625,
      41.734375,
      42.1640625,
      42.65625,
      42.8984375,
      43.140625,
      43.7265625,
      44.234375,
      44.515625,
      44.9453125,
      45.0546875,
      45.4453125,
      45.71875,
      46.1796875,
      46.453125,
      46.796875,
      47.2421875,
      47.640625,
      47.78125,
      48.140625,
      48.421875,
      48.671875,
      48.921875,
      49.2265625,
      49.4609375,
      49.703125,
      49.90625,
      50.0234375,
      50.1875,
      50.4296875,
      50.5859375,
      50.78125,
      51.0390625,
      51.328125,
      51.5078125,
      51.5390625,
      51.7734375,
      51.8828125,
      52.0546875,
      52.390625,
      52.515625,
      52.6953125,
      52.8984375,
      53.03125,
      53.265625,
      53.421875,
      53.75,
      53.90625,
      54.09375,
      54.1796875,
      54.3984375,
      54.5,
      54.84375,
      55.046875,
      55.328125,
      55.515625
    ],
    "test_loss": [
      2.301274721622467,
      2.299355049133301,
      2.297228775024414,
      2.2943997311592104,
      2.2908696913719178,
      2.2861446356773376,
      2.278980951309204,
      2.2689207720756532,
      2.254047784805298,
      2.233217165470123,
      2.207839376926422,
      2.1830375623703,
      2.1631409335136413,
      2.145990537405014,
      2.128247960805893,
      2.10716530919075,
      2.0810947334766388,
      2.0504096615314484,
      2.0177352833747864,
      1.9884343814849854,
      1.9661699891090394,
      1.9494849371910095,
      1.9364334881305694,
      1.925675518512726,
      1.9154067742824554,
      1.9054425704479216,
      1.895496975183487,
      1.8858863091468812,
      1.8761516880989075,
      1.8659526205062866,
      1.8558273255825042,
      1.8453596067428588,
      1.8349994814395905,
      1.82393235206604,
      1.8130288887023926,
      1.801837033033371,
      1.7904307460784912,
      1.778709043264389,
      1.766207823753357,
      1.7533151865005494,
      1.740087342262268,
      1.7264207899570465,
      1.7127205193042756,
      1.6993945634365082,
      1.6870971274375917,
      1.6746420109272002,
      1.663772040605545,
      1.6542761051654815,
      1.6453637814521789,
      1.6358214437961578,
      1.628080394268036,
      1.6211657619476318,
      1.613973468542099,
      1.6063293325901031,
      1.6000820291042328,
      1.592007682323456,
      1.5848760390281678,
      1.5756405067443848,
      1.5672361493110656,
      1.5597063779830933,
      1.5517162418365478,
      1.5443176531791687,
      1.5371601462364197,
      1.5307950818538665,
      1.5245042216777802,
      1.5190135478973388,
      1.5144103634357453,
      1.5075087869167327,
      1.5006393802165985,
      1.4949543464183808,
      1.4910601484775543,
      1.4863534808158874,
      1.4811324238777162,
      1.4751190268993377,
      1.4699610948562623,
      1.4637367033958435,
      1.457329065799713,
      1.4529570412635804,
      1.4493947041034698,
      1.4452472734451294,
      1.441693696975708,
      1.4369090867042542,
      1.433162567615509,
      1.4304578053951262,
      1.4256052100658416,
      1.4209989380836487,
      1.4179803657531738,
      1.4141862571239472,
      1.4105899024009705,
      1.4076687574386597,
      1.4049492192268371,
      1.4027598655223847,
      1.3988141846656799,
      1.3970215463638305,
      1.393983680009842,
      1.3904970455169678,
      1.387166758775711,
      1.3835314321517944,
      1.3797775089740754,
      1.377409189939499
    ],