{
  "config": {
    "run_name": "exp1_1_K32_L8",
    "out_dir": "./results",
    "seed": 1973355363,
    "bs_train": 128,
    "bs_test": 32,
    "batches": 100,
    "epochs": 200,
    "early_stopping": 10,
    "checkpoints": null,
    "lr": 0.01,
    "reg": 0.001,
    "filters_per_layer": [
      32
    ],
    "pool_every": 4,
    "hidden_dims": [
      100
    ],
    "ycn": false,
    "kw": {},
    "layers_per_block": 8
  },
  "results": {
    "num_epochs": 11,
    "train_loss": [
      2.3035531640052795,
      2.3027543592453004,
      2.3025521850585937,
      2.302501132488251,
      2.30248797416687,
      2.3024846386909483,
      2.30248370885849,
      2.302484028339386,
      2.302482495307922,
      2.302481665611267,
      2.3024816870689393,
      2.3024799466133117
    ],
    "train_acc": [
      9.6953125,
      9.8359375,
      9.640625,
      10.1875,
      10.3515625,
      10.3515625,
      10.3515625,
      10.3515625,
      10.3515625,
      10.3515625,
      10.3515625,
      10.3515625
    ],
    "test_loss": [
      2.3027640271186827,
      2.3025390481948853,
      2.302520205974579,
      2.302532455921173,
      2.3025464463233947,
      2.3025564312934876,
      2.3025625705718995,
      2.3025653624534606,
      2.3025670790672303,
      2.3025679540634156,
      2.3025677537918092,
      2.3025676941871644
    ],
    "test_acc": [
      10.21875,
      10.5,
      10.125,
      10.125,
      10.125,
      10.125,
      10.125,
      10.125,
      10.125,
      10.125,
      10.125,
      10.125
    ]
  }
}