{
  "config": {
    "run_name": "exp1_1_K64_L8",
    "out_dir": "./results",
    "seed": 563321595,
    "bs_train": 128,
    "bs_test": 32,
    "batches": 100,
    "epochs": 120,
    "early_stopping": 10,
    "checkpoints": null,
    "lr": 0.005,
    "reg": 0.001,
    "filters_per_layer": [
      64
    ],
    "pool_every": 4.0,
    "hidden_dims": [
      100
    ],
    "ycn": false,
    "kw": {},
    "layers_per_block": 8
  },
  "results": {
    "num_epochs": 10,
    "train_loss": [
      2.304106962680817,
      2.303204984664917,
      2.3027924418449404,
      2.3025903725624084,
      2.3024919724464414,
      2.3024444794654846,
      2.302421066761017,
      2.302409782409668,
      2.302404234409332,
      2.3024013233184815,
      2.3023997473716737
    ],
    "train_acc": [
      10.3515625,
      10.3515625,
      10.3515625,
      10.3515625,
      10.3515625,
      10.3515625,
      10.3515625,
      10.3515625,
      10.3515625,
      10.3515625,
      10.3515625
    ],
    "test_loss": [
      2.3032448410987856,
      2.3027731227874755,
      2.3025694251060487,
      2.30248987197876,
      2.3024667596817014,
      2.3024671125411986,
      2.3024759030342103,
      2.3024864029884338,
      2.3024959707260133,
      2.302503910064697,
      2.302509996891022
    ],
    "test_acc": [
      10.125,
      10.125,
      10.125,
      10.125,
      10.125,
      10.125,
      10.125,
      10.125,
      10.125,
      10.125,
      10.125
    ]
  }
}