{
  "config": {
    "run_name": "exp1_1_K32_L4",
    "out_dir": "./results2",
    "seed": 1974067165,
    "bs_train": 128,
    "bs_test": 32,
    "batches": 100,
    "epochs": 150,
    "early_stopping": 7,
    "checkpoints": null,
    "lr": 0.003,
    "reg": 0.001,
    "filters_per_layer": [
      32
    ],
    "pool_every": 2.0,
    "hidden_dims": [
      100
    ],
    "ycn": false,
    "kw": {},
    "layers_per_block": 4
  },
  "results": {
    "num_epochs": 66,
    "train_loss": [
      2.303427369594574,
      2.3028863716125487,
      2.302476580142975,
      2.3021404433250425,
      2.3018005228042604,
      2.301358802318573,
      2.3007393789291384,
      2.2996840143203734,
      2.297456102371216,
      2.2921182513237,
      2.2753829169273376,
      2.2106490993499754,
      2.068913253545761,
      2.005395623445511,
      1.9725755834579468,
      1.9450792467594147,
      1.9163426887989043,
      1.8821574234962464,
      1.8432877802848815,
      1.81066526055336,
      1.7830431652069092,
      1.758087810277939,
      1.73467041015625,
      1.7130527198314667,
      1.6921431410312653,
      1.672796757221222,
      1.6553063023090362,
      1.6379300129413605,
      1.621613371372223,
      1.6049603378772737,
      1.5882755017280579,
      1.5717707300186157,
      1.5539495038986206,
      1.5379919838905334,
      1.521003054380417,
      1.5031244039535523,
      1.4867801690101623,
      1.4684886610507966,
      1.4512499701976775,
      1.4339167666435242,
      1.4163817596435546,
      1.3982183730602264,
      1.3784394943714142,
      1.357422443628311,
      1.3386813008785248,
      1.3184390950202942,
      1.3000260126590728,
      1.2822837829589844,
      1.2662555539608003,
      1.2458508336544036,
      1.2273225688934326,
      1.207982406616211,
      1.1908927476406097,
      1.1701214677095413,
      1.149788116812706,
      1.1321652418375014,
      1.11029179751873,
      1.087570794224739,
      1.06215957403183,
      1.0413493412733077,
      1.015341304540634,
      0.995771444439888,
      0.9751583880186081,
      0.9510837215185165,
      0.9238499516248703,
      0.9000507402420044,
      0.8773243451118469
    ],
    "train_acc": [
      9.8515625,
      10.3515625,
      10.3515625,
      10.3515625,
      10.3515625,
      10.3515625,
      10.46875,
      13.703125,
      18.46875,
      16.5859375,
      16.0546875,
      19.7265625,
      25.4140625,
      27.03125,
      27.984375,
      29.0625,
      30.5390625,
      32.328125,
      34.0078125,
      35.1796875,
      36.2578125,
      37.3125,
      38.171875,
      39.0390625,
      39.671875,
      40.6640625,
      41.40625,
      41.9921875,
      42.6328125,
      43.359375,
      43.78125,
      44.671875,
      45.2578125,
      45.90625,
      46.4609375,
      47.0625,
      47.53125,
      48.125,
      48.796875,
      49.4296875,
      50.078125,
      50.7734375,
      51.703125,
      52.2890625,
      53.0234375,
      53.734375,
      54.40625,
      55.0859375,
      55.609375,
      56.3828125,
      56.9375,
      57.796875,
      58.4921875,
      59.2109375,
      60.0234375,
      60.4453125,
      61.4921875,
      62.28125,
      63.265625,
      63.9453125,
      64.6015625,
      65.359375,
      66.140625,
      67.0,
      67.8515625,
      68.90625,
      69.6015625
    ],
    "test_loss": [
      2.303169260025024,
      2.302731599807739,
      2.3023730373382567,
      2.30205007314682,
      2.3016588711738586,
      2.3011274433135984,
      2.3003029584884644,
      2.298783690929413,
      2.2952982354164124,
      2.2863894534111022,
      2.254734942913055,
      2.1413432288169862,
      2.021141749620438,
      1.98405970454216,
      1.95557919383049,
      1.9305664217472076,
      1.9020628130435944,
      1.8620455825328828,
      1.821014382839203,
      1.7892453455924988,
      1.765159500837326,
      1.7406380009651183,
      1.7214435708522797,
      1.7091407883167267,
      1.6892605197429658,
      1.6784618496894836,
      1.6701870560646057,
      1.6586539590358733,
      1.6481369745731353,
      1.639885070323944,
      1.6311266100406647,
      1.6264800715446472,
      1.618058943748474,
      1.6105285048484803,
      1.6058861231803894,
      1.5943816113471985,
      1.582548007965088,
      1.5787999546527862,
      1.5698138761520386,
      1.5517778551578523,
      1.534617648124695,
      1.5217885887622833,
      1.510954247713089,
      1.5045573043823242,
      1.4941298246383667,
      1.484100375175476,
      1.48044427216053,
      1.4875738358497619,
      1.4788603448867799,
      1.4750240331888198,
      1.4733833962678908,
      1.4789028775691986,
      1.4789765053987503,
      1.474990394115448,
      1.4688369703292847,
      1.4612611770629882,
      1.4647937679290772,
      1.4575505864620208,
      1.4661748987436294,
      1.4659864389896393,
      1.480893389582634,
      1.4836589938402176,
      1.5022074216604233,
      1.5129056525230409,
      1.5399398583173751,
      1.5886975556612015,
      1.5925495767593383
    ],
    "test_acc": [
      10.125,
      10.125,
      10.125,
      10.125,
      10.125,
      10.125,
      11.5,
      16.65625,
      19.59375,
      17.21875,
      18.25,
      23.40625,
      27.1875,
      28.90625,
      29.34375,
      30.46875,
      31.71875,
      34.03125,
      35.40625,
      37.15625,
      37.6875,
      38.53125,
      39.21875,
      39.59375,
      40.625,
      40.96875,
      41.84375,
      42.21875,
      42.8125,
      43.09375,
      43.46875,
      44.03125,
      43.90625,
      43.71875,
      44.0,
      44.15625,
      44.1875,
      44.8125,
      45.21875,
      45.53125,
      46.0,
      46.375,
      46.71875,
      46.75,
      47.0625,
      47.4375,
      47.6875,
      48.0625,
      48.6875,
      49.1875,
      49.15625,
      49.03125,
      49.15625,
      49.21875,
      49.6875,
      49.9375,
      50.375,
      50.75,
      50.46875,
      51.375,
      51.125,
      51.1875,
      50.96875,
      50.96875,
      51.125,
      50.28125,
      50.5
    ]
  }
}