{
  "config": {
    "run_name": "exp1_2_L2_L258",
    "out_dir": "./results",
    "seed": 1730473842,
    "bs_train": 128,
    "bs_test": 32,
    "batches": 100,
    "epochs": 100,
    "early_stopping": 7,
    "checkpoints": null,
    "lr": 0.001,
    "reg": 0.001,
    "filters_per_layer": [
      258
    ],
    "pool_every": 1.0,
    "hidden_dims": [
      100
    ],
    "ycn": false,
    "kw": {},
    "layers_per_block": 2
  },
  "results": {
    "num_epochs": 99,
    "train_loss": [
      2.296659724712372,
      2.2779962277412413,
      2.248611967563629,
      2.2015997171401978,
      2.1389404225349424,
      2.075374677181244,
      2.023477032184601,
      1.9876270532608031,
      1.9629931151866913,
      1.9432272744178771,
      1.9248625063896179,
      1.9066773068904876,
      1.8881732857227325,
      1.8690459024906159,
      1.849472335577011,
      1.8295771384239197,
      1.809112833738327,
      1.7883125936985016,
      1.7671160519123077,
      1.745635792016983,
      1.7241480207443238,
      1.7027047979831695,
      1.6817829060554503,
      1.661541646718979,
      1.6424108636379242,
      1.6244106459617615,
      1.6072592341899872,
      1.5911615192890167,
      1.5759203612804413,
      1.5613765490055085,
      1.5473700118064881,
      1.5342140734195708,
      1.5214091324806214,
      1.5091853582859038,
      1.4971736645698548,
      1.4855636465549469,
      1.474347677230835,
      1.4630301487445831,
      1.4522745954990386,
      1.4413424563407897,
      1.4307281172275543,
      1.4205684244632721,
      1.4104119098186494,
      1.4005335986614227,
      1.3906957006454468,
      1.3811970484256744,
      1.371768513917923,
      1.3626168179512024,
      1.3534163296222688,
      1.3442995488643645,
      1.335325448513031,
      1.3266096317768097,
      1.3179360616207123,
      1.3096949684619903,
      1.3013466548919679,
      1.2931459820270539,
      1.2853658151626588,
      1.2775553750991822,
      1.26994766831398,
      1.2624529886245728,
      1.2549683022499085,
      1.2478395783901215,
      1.240656201839447,
      1.2332479572296142,
      1.2261597895622254,
      1.2192933082580566,
      1.2122648537158967,
      1.2055103588104248,
      1.1986634719371796,
      1.191925767660141,
      1.1854766309261322,
      1.178725197315216,
      1.1721050238609314,
      1.1656259930133819,
      1.1592514908313751,
      1.1529747015237808,
      1.1465474849939346,
      1.140377254486084,
      1.1339014714956284,
      1.1277293974161149,
      1.121700910925865,
      1.1155530792474746,
      1.1095752024650574,
      1.1033688223361968,
      1.0973006415367126,
      1.0910871267318725,
      1.0850185114145279,
      1.0789671194553376,
      1.0729545861482621,
      1.0668830555677413,
      1.0608663207292557,
      1.054841251373291,
      1.0489868223667145,
      1.0431773906946182,
      1.0372152519226074,
      1.0312745785713195,
      1.0254246288537978,
      1.0194093364477157,
      1.013696438074112,
      1.0078955209255218
    ],
    "train_acc": [
      13.3359375,
      16.3125,
      20.4140625,
      23.5078125,
      25.375,
      27.0703125,
      28.453125,
      29.5234375,
      30.484375,
      31.296875,
      32.046875,
      32.8671875,
      33.7578125,
      34.3125,
      35.03125,
      35.921875,
      36.78125,
      37.484375,
      38.09375,
      38.7734375,
      39.515625,
      40.2421875,
      40.9765625,
      41.609375,
      42.265625,
      42.84375,
      43.3828125,
      43.890625,
      44.203125,
      44.6484375,
      45.1171875,
      45.59375,
      45.96875,
      46.3984375,
      46.71875,
      47.21875,
      47.515625,
      47.9296875,
      48.4140625,
      48.90625,
      49.1875,
      49.71875,
      49.9609375,
      50.359375,
      50.71875,
      51.078125,
      51.3046875,
      51.640625,
      52.0078125,
      52.265625,
      52.5390625,
      52.9921875,
      53.296875,
      53.59375,
      53.9140625,
      54.2109375,
      54.546875,
      54.7109375,
      55.1171875,
      55.359375,
      55.5,
      55.71875,
      56.0234375,
      56.359375,
      56.734375,
      57.0078125,
      57.3515625,
      57.53125,
      57.7734375,
      57.9296875,
      58.1875,
      58.4375,
      58.6171875,
      58.9609375,
      59.1640625,
      59.2734375,
      59.625,
      59.8515625,
      60.0859375,
      60.40625,
      60.640625,
      60.8984375,
      61.1328125,
      61.4765625,
      61.703125,
      61.9921875,
      62.2578125,
      62.5078125,
      62.7578125,
      63.0078125,
      63.1953125,
      63.453125,
      63.625,
      63.9296875,
      64.0703125,
      64.4375,
      64.6796875,
      64.8984375,
      65.1484375,
      65.3203125
    ],
    "test_loss": [
      2.287409007549286,
      2.264997191429138,
      2.2277078151702883,
      2.1715521168708802,
      2.107557156085968,
      2.0507318389415743,
      2.009007233381271,
      1.9806181955337525,
      1.9598670148849486,
      1.9417584478855132,
      1.9240381801128388,
      1.906072087287903,
      1.8876672518253326,
      1.868935945034027,
      1.8495356476306914,
      1.8302917635440827,
      1.8109437227249146,
      1.7908909392356873,
      1.7699394023418427,
      1.7487923061847688,
      1.728565878868103,
      1.709201798439026,
      1.6921470582485199,
      1.6759295463562012,
      1.6613181626796723,
      1.648024444580078,
      1.6348439061641693,
      1.621220463514328,
      1.6090207195281983,
      1.5975758564472198,
      1.5860537350177766,
      1.5755762624740601,
      1.5642250502109527,
      1.5536341774463653,
      1.542249746322632,
      1.5313554430007934,
      1.5194245028495788,
      1.5083913159370423,
      1.4990369832515718,
      1.488176337480545,
      1.4782690632343292,
      1.4670482647418976,
      1.4590202593803405,
      1.450798704624176,
      1.441838731765747,
      1.4324668049812317,
      1.4240906322002411,
      1.4161992824077607,
      1.4078429424762726,
      1.3997370219230652,
      1.391455830335617,
      1.3836483335494996,
      1.3762317419052124,
      1.3676265317201615,
      1.362140061855316,
      1.3555419552326202,
      1.3482291030883788,
      1.342068977355957,
      1.3356863921880722,
      1.3298665112257004,
      1.3250995641946792,
      1.3201272869110108,
      1.3149471974372864,
      1.3100123447179794,
      1.3042422038316728,
      1.2990227568149566,
      1.2941813719272615,
      1.2910208421945573,
      1.285889167189598,
      1.2824099427461624,
      1.2774802923202515,
      1.2743007642030717,
      1.2698977899551391,
      1.2664284527301788,
      1.2618857890367507,
      1.258468286395073,
      1.2554975301027298,
      1.2519495975971222,
      1.2491240590810775,
      1.2458213233947755,
      1.2420116329193116,
      1.2389258086681365,
      1.236520704627037,
      1.2327673667669297,
      1.2303315991163253,
      1.2272532498836517,
      1.2237241286039353,
      1.2210121715068818,
      1.2175331920385362,
      1.2150760662555695,
      1.2121232807636262,
      1.2094050139188766,
      1.2066401875019073,
      1.2044693446159362,
      1.2019241333007813,
      1.1998134207725526,
      1.1973038816452026,
      1.1964595288038253,
      1.1939122098684312,
      1.1928798019886018
    ],