{
  "config": {
    "run_name": "exp1_2_L8_K258",
    "out_dir": "./results2",
    "seed": 766498271,
    "bs_train": 128,
    "bs_test": 32,
    "batches": 100,
    "epochs": 150,
    "early_stopping": 7,
    "checkpoints": null,
    "lr": 0.003,
    "reg": 0.001,
    "filters_per_layer": [
      258
    ],
    "pool_every": 4.0,
    "hidden_dims": [
      100
    ],
    "ycn": false,
    "kw": {},
    "layers_per_block": 8
  },
  "results": {
    "num_epochs": 13,
    "train_loss": [
      2.3037020063400266,
      2.3032395219802857,
      2.302941982746124,
      2.302745840549469,
      2.302614963054657,
      2.3025276899337768,
      2.3024687337875367,
      2.302429461479187,
      2.302402923107147,
      2.3023848152160644,
      2.302372329235077,
      2.30236359834671,
      2.30235755443573,
      2.3023530888557433
    ],
    "train_acc": [
      10.109375,
      10.109375,
      10.109375,
      10.109375,
      10.109375,
      10.078125,
      9.984375,
      10.1484375,
      10.2109375,
      10.2109375,
      10.0703125,
      10.3515625,
      10.3515625,
      10.3515625
    ],
    "test_loss": [
      2.3036109972000123,
      2.3032489371299745,
      2.3030111026763915,
      2.3028527021408083,
      2.3027457761764527,
      2.302673659324646,
      2.302624087333679,
      2.302590045928955,
      2.302566258907318,
      2.302549493312836,
      2.302537500858307,
      2.302528760433197,
      2.3025220131874082,
      2.302517237663269
    ],
    "test_acc": [
      9.96875,
      9.96875,
      9.96875,
      9.96875,
      9.96875,
      9.96875,
      10.53125,
      10.5,
      10.5,
      10.5,
      10.125,
      10.125,
      10.125,
      10.125
    ]
  }
}