{
  "config": {
    "run_name": "exp1_2_L4_L32",
    "out_dir": "./results",
    "seed": 1394653815,
    "bs_train": 128,
    "bs_test": 32,
    "batches": 100,
    "epochs": 100,
    "early_stopping": 7,
    "checkpoints": null,
    "lr": 0.001,
    "reg": 0.001,
    "filters_per_layer": [
      32
    ],
    "pool_every": 2.0,
    "hidden_dims": [
      100
    ],
    "ycn": false,
    "kw": {},
    "layers_per_block": 4
  },
  "results": {
    "num_epochs": 8,
    "train_loss": [
      2.304293715953827,
      2.3038546681404113,
      2.3034908413887023,
      2.3031994128227233,
      2.3029492497444153,
      2.302725780010223,
      2.3025218725204466,
      2.302331759929657,
      2.3021513652801513
    ],
    "train_acc": [
      9.890625,
      10.3203125,
      11.3125,
      10.1484375,
      10.0625,
      10.109375,
      10.109375,
      10.109375,
      10.109375
    ],
    "test_loss": [
      2.304950845241547,
      2.304470465183258,
      2.3040874552726747,
      2.303766391277313,
      2.303480317592621,
      2.3032188868522643,
      2.3029768896102905,
      2.3027509379386903,
      2.3025359773635863
    ],
    "test_acc": [
      9.84375,
      11.8125,
      9.65625,
      9.9375,
      9.96875,
      9.96875,
      9.96875,
      9.96875,
      9.96875
    ]
  }
}