{
  "config": {
    "run_name": "exp1_2_L2_L128",
    "out_dir": "./results",
    "seed": 1920512520,
    "bs_train": 128,
    "bs_test": 32,
    "batches": 100,
    "epochs": 100,
    "early_stopping": 7,
    "checkpoints": null,
    "lr": 0.001,
    "reg": 0.001,
    "filters_per_layer": [
      128
    ],
    "pool_every": 1.0,
    "hidden_dims": [
      100
    ],
    "ycn": false,
    "kw": {},
    "layers_per_block": 2
  },
  "results": {
    "num_epochs": 98,
    "train_loss": [
      2.2982047820091247,
      2.286909201145172,
      2.2722959160804748,
      2.2498157620429993,
      2.2163226890563963,
      2.1731511831283568,
      2.126312599182129,
      2.0799131524562835,
      2.036764464378357,
      2.0025485169887545,
      1.978203579187393,
      1.960296015739441,
      1.9451871514320374,
      1.9311184251308442,
      1.9171557080745698,
      1.9031895530223846,
      1.8890909671783447,
      1.8747193026542663,
      1.8598558509349823,
      1.8447676551342012,
      1.8291646182537078,
      1.8131005990505218,
      1.7964776611328126,
      1.7792713415622712,
      1.7615052008628844,
      1.7434374463558198,
      1.725142478942871,
      1.70676047205925,
      1.6883607137203216,
      1.6702790880203247,
      1.6526509785652161,
      1.635733677148819,
      1.6194156646728515,
      1.603752956390381,
      1.5892290842533112,
      1.575339323282242,
      1.562310481071472,
      1.549864237308502,
      1.5380487060546875,
      1.5267816233634948,
      1.5159005510807038,
      1.5054471755027772,
      1.4952360129356383,
      1.4854320788383484,
      1.475709376335144,
      1.466351362466812,
      1.4571784150600433,
      1.4480795800685882,
      1.4388758659362793,
      1.4299903047084808,
      1.421281465291977,
      1.4127251243591308,
      1.4040551614761352,
      1.3954830050468445,
      1.3872162747383117,
      1.3791095316410065,
      1.3710740864276887,
      1.3630220758914948,
      1.3550467383861542,
      1.3472516334056854,
      1.3397543919086456,
      1.3322967183589935,
      1.3250836956501006,
      1.3177935600280761,
      1.310412915945053,
      1.3035136044025422,
      1.296529175043106,
      1.289755116701126,
      1.283078224658966,
      1.2765813875198364,
      1.2699890422821045,
      1.2637336254119873,
      1.2574422347545624,
      1.2512295734882355,
      1.2449730849266052,
      1.2388207769393922,
      1.232673146724701,
      1.2265327501296996,
      1.2204446661472321,
      1.2145058107376099,
      1.2085488200187684,
      1.2024783349037171,
      1.1966614830493927,
      1.1905924189090729,
      1.1849146217107773,
      1.179296338558197,
      1.173773871064186,
      1.1680692529678345,
      1.16237211227417,
      1.1568472760915756,
      1.1514517855644226,
      1.1460064166784287,
      1.1406048959493638,
      1.135243733525276,
      1.1299822002649307,
      1.1246001023054122,
      1.1193219912052155,
      1.1140513181686402,
      1.1086328238248826,
      1.1032468748092652
    ],
    "train_acc": [
      13.09375,
      16.3515625,
      19.6484375,
      21.5,
      23.3515625,
      25.1796875,
      26.421875,
      27.265625,
      28.40625,
      29.0703125,
      29.859375,
      30.6953125,
      31.1875,
      31.8046875,
      32.5390625,
      33.0859375,
      33.765625,
      34.3046875,
      35.0078125,
      35.546875,
      36.1015625,
      36.8046875,
      37.515625,
      38.0625,
      38.6015625,
      39.171875,
      39.734375,
      40.203125,
      41.015625,
      41.4609375,
      42.171875,
      42.7109375,
      43.046875,
      43.46875,
      43.8046875,
      44.28125,
      44.6484375,
      44.984375,
      45.40625,
      45.765625,
      46.140625,
      46.5546875,
      46.84375,
      47.28125,
      47.5234375,
      47.921875,
      48.2265625,
      48.484375,
      48.640625,
      48.8828125,
      49.1640625,
      49.5703125,
      49.890625,
      50.34375,
      50.546875,
      50.828125,
      51.0703125,
      51.375,
      51.8515625,
      52.1484375,
      52.4140625,
      52.5859375,
      52.890625,
      53.171875,
      53.34375,
      53.6171875,
      53.8984375,
      54.1015625,
      54.28125,
      54.5078125,
      54.7578125,
      55.0,
      55.2578125,
      55.515625,
      55.7890625,
      56.0625,
      56.2578125,
      56.46875,
      56.703125,
      56.9296875,
      57.1171875,
      57.4140625,
      57.6796875,
      58.0234375,
      58.1171875,
      58.3125,
      58.4765625,
      58.703125,
      58.8359375,
      59.1015625,
      59.3125,
      59.515625,
      59.84375,
      60.0546875,
      60.234375,
      60.375,
      60.609375,
      60.8203125,
      61.078125,
      61.3828125
    ],
    "test_loss": [
      2.2925205707550047,
      2.2802066946029664,
      2.262434387207031,
      2.234719178676605,
      2.1958632612228395,
      2.150222616195679,
      2.1042146718502046,
      2.059879183769226,
      2.021840385198593,
      1.9934184753894806,
      1.972738697528839,
      1.9569276809692382,
      1.9427637946605683,
      1.9288710618019105,
      1.9149782061576843,
      1.9006695473194122,
      1.885918596982956,
      1.8711764669418336,
      1.856392787694931,
      1.8411549627780914,
      1.8259113490581513,
      1.8107402288913728,
      1.7950542521476747,
      1.7789636933803559,
      1.7621756815910339,
      1.7448523581027984,
      1.728435480594635,
      1.7124133002758026,
      1.6967670214176178,
      1.682548451423645,
      1.6700315856933594,
      1.6576255345344544,
      1.6462145245075226,
      1.6351643908023834,
      1.6242033684253692,
      1.6142178499698638,
      1.6053440690040588,
      1.5943362724781036,
      1.5848462998867034,
      1.5766286289691924,
      1.5681092500686646,
      1.5591268801689149,
      1.549051444530487,
      1.5413385045528412,
      1.5343490791320802,
      1.5254075717926026,
      1.5169687235355378,
      1.5102502930164337,
      1.5014009952545166,
      1.4950339138507842,
      1.4887287056446075,
      1.4806391668319703,
      1.4729943251609803,
      1.4644058299064637,
      1.455944104194641,
      1.4491672110557556,
      1.439552264213562,
      1.4319403493404388,
      1.425710108280182,
      1.418131378889084,
      1.4115475463867186,
      1.4055070686340332,
      1.40042209148407,
      1.3942571544647218,
      1.3886903965473174,
      1.382174208164215,
      1.3763571429252623,
      1.3702922010421752,
      1.3648946011066436,
      1.3607081711292266,
      1.3553623592853545,
      1.350512788295746,
      1.3444178241491318,
      1.3393848139047622,
      1.335034601688385,
      1.3308505773544312,
      1.3263554441928864,
      1.3208589893579483,
      1.318594616651535,
      1.3141960805654527,
      1.3099229824543,
      1.305016758441925,
      1.30265907227993,
      1.2997712403535844,
      1.295396266579628,
      1.2922187924385071,
      1.288532207608223,
      1.2861865746974945,
      1.283241411447525,
      1.279689024090767,
      1.2764780592918397,
      1.273363054394722,
      1.2701356321573258,
      1.2675033098459243,
      1.264466719031334,
      1.2627957111597061,
      1.2601411455869675,
      1.257215023636818,
      1.2552742636203766,
      1.253974778652191
    ],