{
  "config": {
    "run_name": "exp1_3_L3_K64-128-256",
    "out_dir": "./results2",
    "seed": 2057675666,
    "bs_train": 128,
    "bs_test": 32,
    "batches": 1000,
    "epochs": 200,
    "early_stopping": 10,
    "checkpoints": null,
    "lr": 0.001,
    "reg": 0.001,
    "filters_per_layer": [
      64,
      128,
      256
    ],
    "pool_every": 4,
    "hidden_dims": [
      100
    ],
    "ycn": false,
    "kw": {},
    "layers_per_block": 3
  },
  "results": {
    "num_epochs": 18,
    "train_loss": [
      2.303545913427992,
      2.3031667425199545,
      2.3029448168966775,
      2.3028111921247008,
      2.302730020049893,
      2.3026811125333353,
      2.3026510845974584,
      2.3026326483167954,
      2.3026212487379305,
      2.3026142931350355,
      2.3026099528193167,
      2.3026072381402525,
      2.3026055545758104,
      2.3026042167487963,
      2.3026034484434006,
      2.302602823433059,
      2.3026024179385445,
      2.3026020813476094,
      2.3026018880517283
    ],
    "train_acc": [
      10.0,
      10.0,
      10.0,
      10.0,
      10.0,
      10.0,
      10.0,
      10.0,
      9.964,
      9.986,
      9.938,
      9.874,
      9.868,
      9.8,
      9.822,
      9.802,
      9.78,
      9.72,
      9.73
    ],
    "test_loss": [
      2.3033014585415774,
      2.3030161651940393,
      2.3028461567510052,
      2.302742810295032,
      2.302680231130923,
      2.3026421001544013,
      2.3026187039031005,
      2.3026042243543143,
      2.30259517663584,
      2.302589676250665,
      2.302586235558263,
      2.302584009810378,
      2.3025827834400507,
      2.302581853379076,
      2.302581240955633,
      2.302580722985557,
      2.3025804205824394,
      2.302580125796528,
      2.3025799902102437
    ],
    "test_acc": [
      10.0,
      10.0,
      10.0,
      10.0,
      10.0,
      10.0,
      10.0,
      10.0,
      12.74,
      10.0,
      10.0,
      10.02,
      10.0,
      10.0,
      10.0,
      10.0,
      10.0,
      10.0,
      10.0
    ]
  }
}