{
  "config": {
    "run_name": "exp1_2_L8_L128",
    "out_dir": "./results",
    "seed": 11616944,
    "bs_train": 128,
    "bs_test": 32,
    "batches": 100,
    "epochs": 100,
    "early_stopping": 7,
    "checkpoints": null,
    "lr": 0.001,
    "reg": 0.001,
    "filters_per_layer": [
      128
    ],
    "pool_every": 4.0,
    "hidden_dims": [
      100
    ],
    "ycn": false,
    "kw": {},
    "layers_per_block": 8
  },
  "results": {
    "num_epochs": 7,
    "train_loss": [
      2.3039405941963196,
      2.3037380290031435,
      2.303565351963043,
      2.3034172821044923,
      2.303288707733154,
      2.303178210258484,
      2.303081352710724,
      2.3029953408241273
    ],
    "train_acc": [
      10.03125,
      10.3515625,
      10.3515625,
      10.3515625,
      10.3515625,
      10.3515625,
      10.3515625,
      10.3515625
    ],
    "test_loss": [
      2.3038249444961547,
      2.30365535736084,
      2.3035098028182985,
      2.303383913040161,
      2.3032754039764405,
      2.3031815338134765,
      2.3030985236167907,
      2.303025460243225
    ],
    "test_acc": [
      10.125,
      10.125,
      10.125,
      10.125,
      10.125,
      10.125,
      10.125,
      10.125
    ]
  }
}