{
  "config": {
    "run_name": "exp1_2_L4_L128",
    "out_dir": "./results",
    "seed": 1813095485,
    "bs_train": 128,
    "bs_test": 32,
    "batches": 100,
    "epochs": 100,
    "early_stopping": 7,
    "checkpoints": null,
    "lr": 0.001,
    "reg": 0.001,
    "filters_per_layer": [
      128
    ],
    "pool_every": 2.0,
    "hidden_dims": [
      100
    ],
    "ycn": false,
    "kw": {},
    "layers_per_block": 4
  },
  "results": {
    "num_epochs": 96,
    "train_loss": [
      2.3040286040306093,
      2.30309734582901,
      2.3022242474555967,
      2.3012920594215394,
      2.3001855778694154,
      2.2987411308288572,
      2.296744785308838,
      2.2937805032730103,
      2.28953941822052,
      2.2831255269050597,
      2.2729595160484313,
      2.25512487411499,
      2.221331717967987,
      2.1722190594673156,
      2.1289456582069395,
      2.0733337807655334,
      2.01555281162262,
      1.9851768410205841,
      1.9652856767177582,
      1.9469918954372405,
      1.9287139117717742,
      1.9099899053573608,
      1.8914612436294556,
      1.872857881784439,
      1.854524998664856,
      1.8360165405273436,
      1.8178546774387359,
      1.799700140953064,
      1.7819207501411438,
      1.7650559437274933,
      1.7487636733055114,
      1.7331777286529542,
      1.7180868935585023,
      1.702970086336136,
      1.6886128032207488,
      1.6741335892677307,
      1.6610521495342254,
      1.6473780620098113,
      1.6347682750225068,
      1.6208549892902375,
      1.6076554703712462,
      1.5942398583889008,
      1.581207662820816,
      1.568585673570633,
      1.5556287050247193,
      1.542693829536438,
      1.530179399251938,
      1.5172969841957091,
      1.5059729850292205,
      1.4939691507816315,
      1.4823656034469606,
      1.4702628540992737,
      1.4585753417015075,
      1.446187937259674,
      1.4354728400707244,
      1.4241182160377504,
      1.4126195240020751,
      1.4010516226291656,
      1.3898822247982026,
      1.3788502597808838,
      1.3693321764469146,
      1.358654260635376,
      1.3480439853668214,
      1.3389821004867555,
      1.3285195958614349,
      1.3183535325527191,
      1.3078681480884553,
      1.2980529069900513,
      1.2879468095302582,
      1.2779230105876922,
      1.2685014116764068,
      1.2578985440731048,
      1.2474638891220093,
      1.2373882114887238,
      1.22715447306633,
      1.216596149802208,
      1.206552006006241,
      1.196267422437668,
      1.1857031804323197,
      1.1752779293060303,
      1.1654301369190216,
      1.1551158994436264,
      1.1444078540802003,
      1.1337473702430725,
      1.1242833596467972,
      1.1138181138038634,
      1.1031301605701447,
      1.092434718608856,
      1.0818236374855041,
      1.070961787700653,
      1.0595334589481353,
      1.0487332940101624,
      1.0374367707967758,
      1.0276678347587584,
      1.0149149560928346,
      1.004044588804245,
      0.991035230755806,
      0.9786883836984634,
      0.9666201865673065,
      0.9548828125
    ],
    "train_acc": [
      9.671875,
      10.15625,
      10.15625,
      10.15625,
      12.359375,
      14.7109375,
      12.5234375,
      10.9140625,
      10.4375,
      10.3828125,
      10.8828125,
      13.1328125,
      17.4453125,
      20.453125,
      23.515625,
      26.2265625,
      27.6015625,
      28.6015625,
      29.6875,
      30.421875,
      31.234375,
      31.9609375,
      32.640625,
      33.40625,
      34.21875,
      34.703125,
      35.140625,
      35.890625,
      36.5546875,
      37.2890625,
      37.7890625,
      38.53125,
      39.171875,
      39.6640625,
      40.3671875,
      40.984375,
      41.7421875,
      42.078125,
      42.484375,
      42.9453125,
      43.171875,
      43.640625,
      44.0703125,
      44.546875,
      45.0703125,
      45.5546875,
      45.84375,
      46.2265625,
      46.671875,
      47.1484375,
      47.515625,
      48.0703125,
      48.3046875,
      48.7421875,
      49.078125,
      49.484375,
      50.0859375,
      50.578125,
      50.7734375,
      51.3203125,
      51.625,
      51.9609375,
      52.25,
      52.5,
      52.7265625,
      53.21875,
      53.6875,
      54.046875,
      54.34375,
      54.625,
      54.9921875,
      55.25,
      55.71875,
      56.046875,
      56.5546875,
      56.796875,
      57.4140625,
      57.6953125,
      57.984375,
      58.328125,
      58.65625,
      59.1328125,
      59.390625,
      59.8671875,
      60.2734375,
      60.828125,
      61.21875,
      61.6015625,
      62.0078125,
      62.3359375,
      62.9140625,
      63.3828125,
      63.8515625,
      64.15625,
      64.484375,
      64.7109375,
      65.234375,
      65.5859375,
      66.015625,
      66.640625
    ],
    "test_loss": [
      2.3036872363090515,
      2.3027638483047483,
      2.301857142448425,
      2.3008326363563536,
      2.299545876979828,
      2.2978145718574523,
      2.29535320520401,
      2.2916932606697085,
      2.28645277261734,
      2.2785552382469176,
      2.2656710243225096,
      2.242005774974823,
      2.198117022514343,
      2.1516373348236084,
      2.1060963237285613,
      2.0395502996444703,
      1.9975677084922792,
      1.9747082138061522,
      1.9576847815513612,
      1.9395108127593994,
      1.9222064745426177,
      1.9050612723827363,
      1.8871226704120636,
      1.8687124371528625,
      1.8494428074359894,
      1.8304830598831177,
      1.8123015642166138,
      1.7928134894371033,
      1.7745507097244262,
      1.7572387075424194,
      1.7419033801555635,
      1.7258842968940735,
      1.7116267681121826,
      1.6977709865570068,
      1.6852966284751891,
      1.6718736672401429,
      1.6613382172584534,
      1.6506606352329254,
      1.6422655582427979,
      1.638073581457138,
      1.6318416690826416,
      1.6247791039943695,
      1.6157729721069336,
      1.6084935414791106,
      1.6025205755233765,
      1.59615549325943,
      1.5872273993492128,
      1.5810875737667083,
      1.572088452577591,
      1.5580865824222565,
      1.5538748955726625,
      1.541028538942337,
      1.531115221977234,
      1.5220990884304046,
      1.5161136293411255,
      1.5042556715011597,
      1.4862096834182739,
      1.476734503507614,
      1.4701710104942323,
      1.4642202961444855,
      1.4528611862659455,
      1.4445569670200349,
      1.4372602128982543,
      1.4294590556621551,
      1.4273039209842682,
      1.4212809360027314,
      1.4180304515361786,
      1.41394744515419,
      1.4134669077396393,
      1.4088957250118255,
      1.4042016541957856,
      1.4018065989017487,
      1.3980884420871735,
      1.3961810040473939,
      1.391238774061203,
      1.390169186592102,
      1.3852332055568695,
      1.3850106847286225,
      1.3845834398269654,
      1.3846637916564941,
      1.3848622274398803,
      1.3856955581903458,
      1.386998913884163,
      1.3880361741781235,
      1.381149219274521,
      1.3833200579881668,
      1.386024550795555,
      1.388608106970787,
      1.3934914350509644,
      1.3932543659210206,
      1.398065710067749,
      1.3960183292627335,
      1.4012786507606507,
      1.4029772263765334,
      1.4068913185596466,
      1.405310138463974,
      1.413542046546936,
      1.4103129851818084,
      1.4136260378360748,
      1.4122140312194824
    ],