{
  "config": {
    "run_name": "exp1_1_K32_L2",
    "out_dir": "./results",
    "seed": 1427188120,
    "bs_train": 128,
    "bs_test": 32,
    "batches": 100,
    "epochs": 200,
    "early_stopping": 10,
    "checkpoints": null,
    "lr": 0.01,
    "reg": 0.001,
    "filters_per_layer": [
      32
    ],
    "pool_every": 1,
    "hidden_dims": [
      100
    ],
    "ycn": false,
    "kw": {},
    "layers_per_block": 2
  },
  "results": {
    "num_epochs": 40,
    "train_loss": [
      2.2926575350761413,
      2.2023931694030763,
      2.038070809841156,
      1.9170357978343964,
      1.8084771597385407,
      1.706814731359482,
      1.622697676420212,
      1.5555862665176392,
      1.5020903551578522,
      1.4535311198234557,
      1.4086275672912598,
      1.3651028847694398,
      1.3269719755649567,
      1.2929246938228607,
      1.25938689827919,
      1.226279273033142,
      1.1958262133598327,
      1.1644015616178514,
      1.1357421582937242,
      1.1071554970741273,
      1.0767063039541245,
      1.0468410927057266,
      1.0170935106277466,
      0.9875302165746689,
      0.9582463186979294,
      0.9285051113367081,
      0.9002262359857559,
      0.8675189936161041,
      0.8377378410100937,
      0.8073863357305526,
      0.773622288107872,
      0.7450076413154602,
      0.7150772619247436,
      0.6885665225982666,
      0.6625832396745682,
      0.6329071098566055,
      0.6143107932806015,
      0.602854091823101,
      0.5949850142002105,
      0.579822243154049,
      0.5717112767696381
    ],
    "train_acc": [
      10.421875,
      18.7421875,
      26.9921875,
      31.8125,
      36.09375,
      39.5625,
      41.9296875,
      44.21875,
      46.0703125,
      47.8671875,
      49.609375,
      50.890625,
      52.3984375,
      53.75,
      54.96875,
      56.3515625,
      57.4921875,
      58.96875,
      60.203125,
      61.15625,
      62.5703125,
      63.6640625,
      64.78125,
      65.703125,
      66.703125,
      67.5703125,
      68.6171875,
      69.6875,
      70.859375,
      72.0390625,
      73.296875,
      74.4453125,
      75.71875,
      76.640625,
      77.5390625,
      78.59375,
      79.3828125,
      79.7734375,
      80.0078125,
      80.046875,
      80.046875
    ],
    "test_loss": [
      2.2717425274848937,
      2.117764662504196,
      1.9434574508666993,
      1.8562823307514191,
      1.7565345668792725,
      1.6634920024871827,
      1.581368008852005,
      1.5217164838314057,
      1.476009463071823,
      1.4362267875671386,
      1.4111101114749909,
      1.3883022892475128,
      1.3675392585992814,
      1.3402654349803924,
      1.3257940375804902,
      1.3135829812288284,
      1.3077638936042786,
      1.2990632665157318,
      1.295427827835083,
      1.287039310336113,
      1.2797429341077804,
      1.2672738355398179,
      1.274422944188118,
      1.2710342007875441,
      1.2730079513788224,
      1.2797786206007005,
      1.28738112449646,
      1.2923076605796815,
      1.3023750650882722,
      1.3145655423402787,
      1.3279890292882919,
      1.3495485270023346,
      1.3837911599874497,
      1.4033544921875,
      1.4280784517526626,
      1.4708232641220094,
      1.5038044422864913,
      1.541730814576149,
      1.597655081152916,
      1.6619231969118118,
      1.6626361310482025
    ],
    "test_acc": [
      11.0,
      26.3125,
      32.03125,
      34.15625,
      38.0,
      40.5625,
      43.21875,
      45.53125,
      47.4375,
      49.125,
      50.28125,
      51.78125,
      52.09375,
      53.1875,
      53.96875,
      54.1875,
      54.28125,
      54.59375,
      54.75,
      55.0625,
      55.6875,
      56.15625,
      56.15625,
      56.1875,
      56.28125,
      56.3125,
      56.375,
      56.6875,
      56.75,
      57.1875,
      57.25,
      56.6875,
      56.3125,
      56.53125,
      56.40625,
      55.96875,
      55.71875,
      55.1875,
      55.78125,
      54.9375,
      54.875
    ]
  }
}