{
  "config": {
    "run_name": "exp1_1_K32_L8",
    "out_dir": "./results",
    "seed": 1841297892,
    "bs_train": 128,
    "bs_test": 32,
    "batches": 100,
    "epochs": 120,
    "early_stopping": 10,
    "checkpoints": null,
    "lr": 0.005,
    "reg": 0.001,
    "filters_per_layer": [
      32
    ],
    "pool_every": 4.0,
    "hidden_dims": [
      100
    ],
    "ycn": false,
    "kw": {},
    "layers_per_block": 8
  },
  "results": {
    "num_epochs": 10,
    "train_loss": [
      2.303231403827667,
      2.3028222250938417,
      2.3026112651824953,
      2.3025031542778014,
      2.3024481105804444,
      2.302418203353882,
      2.3024039936065672,
      2.3023966908454896,
      2.3023928427696227,
      2.3023910403251646,
      2.302390356063843
    ],
    "train_acc": [
      9.65625,
      10.2109375,
      10.1171875,
      10.1328125,
      10.3515625,
      10.3515625,
      10.3515625,
      10.3515625,
      10.3515625,
      10.3515625,
      10.3515625
    ],
    "test_loss": [
      2.302452344894409,
      2.3023494482040405,
      2.3023353004455567,
      2.3023560500144957,
      2.302385091781616,
      2.3024150586128234,
      2.3024408340454103,
      2.3024614214897157,
      2.302477328777313,
      2.302488834857941,
      2.3024981451034545
    ],
    "test_acc": [
      10.5,
      10.5,
      10.5,
      10.125,
      10.125,
      10.125,
      10.125,
      10.125,
      10.125,
      10.125,
      10.125
    ]
  }
}