{
  "config": {
    "run_name": "exp1_1_K32_L4",
    "out_dir": "./results",
    "seed": 138840665,
    "bs_train": 128,
    "bs_test": 32,
    "batches": 100,
    "epochs": 100,
    "early_stopping": 7,
    "checkpoints": null,
    "lr": 0.001,
    "reg": 0.001,
    "filters_per_layer": [
      32
    ],
    "pool_every": 2.0,
    "hidden_dims": [
      100
    ],
    "ycn": false,
    "kw": {},
    "layers_per_block": 4
  },
  "results": {
    "num_epochs": 7,
    "train_loss": [
      2.3042085647583006,
      2.303890116214752,
      2.3036168885231016,
      2.303386399745941,
      2.303180193901062,
      2.302994203567505,
      2.302823600769043,
      2.3026596808433535
    ],
    "train_acc": [
      9.6953125,
      9.6953125,
      9.6953125,
      9.6953125,
      9.6953125,
      9.6953125,
      9.6953125,
      9.6953125
    ],
    "test_loss": [
      2.3033284449577334,
      2.303092772960663,
      2.302904143333435,
      2.3027414059638978,
      2.302596743106842,
      2.3024654626846313,
      2.3023430609703066,
      2.302217264175415
    ],
    "test_acc": [
      10.21875,
      10.21875,
      10.21875,
      10.21875,
      10.21875,
      10.21875,
      10.21875,
      10.21875
    ]
  }
}