{
  "config": {
    "run_name": "exp1_1_K64_L2",
    "out_dir": "./results",
    "seed": 1584554841,
    "bs_train": 128,
    "bs_test": 32,
    "batches": 100,
    "epochs": 200,
    "early_stopping": 10,
    "checkpoints": null,
    "lr": 0.01,
    "reg": 0.001,
    "filters_per_layer": [
      64
    ],
    "pool_every": 1,
    "hidden_dims": [
      100
    ],
    "ycn": false,
    "kw": {},
    "layers_per_block": 2
  },
  "results": {
    "num_epochs": 50,
    "train_loss": [
      2.262163875102997,
      2.0635060441493986,
      1.9434003412723542,
      1.8369679570198059,
      1.7445209634304046,
      1.6591411757469177,
      1.5875487101078034,
      1.5294367504119872,
      1.4796576988697052,
      1.432702555656433,
      1.3869407236576081,
      1.3410873639583587,
      1.2964000606536865,
      1.2515147149562835,
      1.20959512591362,
      1.1722410571575166,
      1.1354096287488937,
      1.0990182197093963,
      1.064371793270111,
      1.0295951706171036,
      0.9953180009126663,
      0.9604912877082825,
      0.9262053865194321,
      0.890238624215126,
      0.8571655315160751,
      0.8229284471273423,
      0.7871278923749924,
      0.7517270165681839,
      0.7159485161304474,
      0.6776377505064011,
      0.6403378877043724,
      0.6025700959563255,
      0.5671576836705208,
      0.53326201826334,
      0.5046447941660881,
      0.4949753645062447,
      0.501744435429573,
      0.49379668444395064,
      0.4753110387921333,
      0.4607386842370033,
      0.4281489834189415,
      0.4040283623337746,
      0.3706047531962395,
      0.3466608154773712,
      0.31402968510985374,
      0.28304284676909447,
      0.26113784179091454,
      0.23784224040806293,
      0.20504561811685562,
      0.190711185708642,
      0.1944299268722534
    ],
    "train_acc": [
      15.4453125,
      24.9375,
      29.890625,
      34.59375,
      37.9296875,
      40.828125,
      43.6015625,
      45.3671875,
      47.28125,
      48.859375,
      50.921875,
      52.4765625,
      54.03125,
      55.5234375,
      57.03125,
      58.59375,
      59.9375,
      61.2734375,
      62.4921875,
      63.8515625,
      65.3359375,
      66.6875,
      67.96875,
      69.34375,
      70.4765625,
      71.7265625,
      73.0703125,
      74.4140625,
      75.734375,
      77.328125,
      78.625,
      80.0078125,
      81.6015625,
      82.8046875,
      83.734375,
      83.6484375,
      82.9609375,
      82.7734375,
      83.546875,
      84.296875,
      85.6171875,
      86.46875,
      87.8359375,
      88.46875,
      89.890625,
      91.2578125,
      92.1875,
      93.0859375,
      94.234375,
      94.875,
      94.609375
    ],
    "test_loss": [
      2.1633874583244324,
      1.9733309280872344,
      1.8768036293983459,
      1.7814880859851838,
      1.6896207463741302,
      1.6157852983474732,
      1.5531728553771973,
      1.5119411385059356,
      1.4816068124771118,
      1.452330183982849,
      1.4213705134391785,
      1.3920298171043397,
      1.3694219928979874,
      1.344880585670471,
      1.3320616805553436,
      1.315706741809845,
      1.308010139465332,
      1.288472888469696,
      1.2804846674203874,
      1.270968065261841,
      1.2594255632162095,
      1.2659053826332092,
      1.2648208183050156,
      1.2690705263614654,
      1.2710434573888778,
      1.2660479003190994,
      1.2677066779136659,
      1.2575079888105392,
      1.2657622623443603,
      1.2783798557519912,
      1.2885076421499253,
      1.3057626432180405,
      1.3363301366567613,
      1.360372771024704,
      1.3878661859035493,
      1.4384618943929672,
      1.529349695444107,
      1.5917267435789109,
      1.554902624487877,
      1.4810797274112701,
      1.4756700712442399,
      1.5595119094848633,
      1.6317554622888566,
      1.6431789708137512,
      1.6798038178682326,
      1.7453896450996398,
      1.8286980378627777,
      1.9397248804569245,
      1.976998856663704,
      1.981585093140602,
      2.105421379804611
    ],
    "test_acc": [
      22.25,
      30.0,
      33.6875,
      36.46875,
      39.9375,
      42.0625,
      44.125,
      44.84375,
      46.71875,
      47.75,
      49.5,
      50.53125,
      51.71875,
      52.5,
      53.0,
      53.8125,
      54.0625,
      54.65625,
      55.09375,
      55.15625,
      56.0,
      56.375,
      56.46875,
      56.84375,
      57.46875,
      57.65625,
      57.65625,
      57.59375,
      57.53125,
      57.65625,
      57.90625,
      58.15625,
      58.4375,
      58.90625,
      58.59375,
      58.3125,
      57.25,
      57.40625,
      58.0625,
      58.53125,
      59.0,
      57.375,
      56.28125,
      56.28125,
      57.4375,
      57.71875,
      57.125,
      57.15625,
      57.625,
      57.96875,
      57.71875
    ]
  }
}