{
  "config": {
    "run_name": "exp1_1_K64_L4",
    "out_dir": "./results",
    "seed": 538797729,
    "bs_train": 128,
    "bs_test": 32,
    "batches": 100,
    "epochs": 100,
    "early_stopping": 7,
    "checkpoints": null,
    "lr": 0.001,
    "reg": 0.001,
    "filters_per_layer": [
      64
    ],
    "pool_every": 2.0,
    "hidden_dims": [
      100
    ],
    "ycn": false,
    "kw": {},
    "layers_per_block": 4
  },
  "results": {
    "num_epochs": 99,
    "train_loss": [
      2.304285364151001,
      2.303845443725586,
      2.30347003698349,
      2.30312965631485,
      2.3028087425231933,
      2.3024866127967836,
      2.3021482276916503,
      2.301775541305542,
      2.301363401412964,
      2.3008989000320437,
      2.3003527617454527,
      2.2996769380569457,
      2.298825573921204,
      2.297737305164337,
      2.2962799668312073,
      2.294273090362549,
      2.291416654586792,
      2.2871891355514524,
      2.280925929546356,
      2.271386532783508,
      2.25560916185379,
      2.228677968978882,
      2.1853387188911437,
      2.139579656124115,
      2.0940938568115235,
      2.0373949992656706,
      1.9931726050376892,
      1.9685134279727936,
      1.948749796152115,
      1.9306139731407166,
      1.9127239716053008,
      1.8946377670764922,
      1.875707221031189,
      1.8563597393035889,
      1.8373517620563506,
      1.8190527880191802,
      1.8014099299907684,
      1.7846028554439544,
      1.7686910140514374,
      1.7531474232673645,
      1.7384840321540833,
      1.7257312738895416,
      1.7130349695682525,
      1.7019726514816285,
      1.690530219078064,
      1.6795277667045594,
      1.6688281643390654,
      1.6581180024147033,
      1.6485806488990784,
      1.6397267591953277,
      1.6300951635837555,
      1.6221987950801848,
      1.613461468219757,
      1.6052130329608918,
      1.5963723731040955,
      1.588177309036255,
      1.579915097951889,
      1.5720646035671235,
      1.563585559129715,
      1.555228327512741,
      1.5474889707565307,
      1.5390443837642669,
      1.5312841296195985,
      1.5228131079673768,
      1.514663177728653,
      1.5061338210105897,
      1.4973507273197173,
      1.4885507214069367,
      1.4798805916309357,
      1.471122225522995,
      1.4621195816993713,
      1.4535290908813476,
      1.4440948724746705,
      1.4347938311100006,
      1.4260741066932678,
      1.4172726917266845,
      1.4078208208084106,
      1.3992413306236267,
      1.3898446547985077,
      1.3804568982124328,
      1.3717798829078673,
      1.3627239871025085,
      1.3534387040138245,
      1.34543842792511,
      1.3371399688720702,
      1.3278529155254364,
      1.3191198217868805,
      1.3101052844524383,
      1.301924616098404,
      1.2929040324687957,
      1.284664353132248,
      1.2748419010639191,
      1.266334364414215,
      1.2569679248332977,
      1.2478519546985627,
      1.2398160517215728,
      1.2311719787120818,
      1.2224029183387757,
      1.2131863617897034,
      1.2036070096492768
    ],
    "train_acc": [
      9.890625,
      9.890625,
      9.890625,
      9.921875,
      10.2890625,
      11.375,
      11.3671875,
      10.78125,
      10.5546875,
      10.5078125,
      10.34375,
      10.21875,
      11.90625,
      14.6484375,
      14.453125,
      13.4453125,
      12.7734375,
      12.8671875,
      13.0546875,
      13.9609375,
      15.84375,
      18.7265625,
      21.6484375,
      23.921875,
      26.1796875,
      27.828125,
      28.8203125,
      29.5859375,
      30.390625,
      31.0390625,
      31.5546875,
      32.375,
      33.1328125,
      34.1484375,
      34.6484375,
      35.4375,
      36.328125,
      36.7890625,
      37.359375,
      38.1953125,
      38.828125,
      39.1484375,
      39.84375,
      40.140625,
      40.671875,
      41.2421875,
      41.6015625,
      41.9921875,
      42.328125,
      42.671875,
      43.03125,
      43.15625,
      43.6875,
      43.953125,
      44.234375,
      44.4296875,
      44.6171875,
      44.9765625,
      45.1953125,
      45.6015625,
      45.8046875,
      45.9609375,
      46.328125,
      46.640625,
      46.984375,
      47.34375,
      47.4765625,
      47.90625,
      48.203125,
      48.4609375,
      48.796875,
      49.0625,
      49.46875,
      49.6953125,
      50.1015625,
      50.390625,
      50.6875,
      51.0,
      51.3359375,
      51.5078125,
      51.8359375,
      52.0546875,
      52.546875,
      52.7265625,
      52.9765625,
      53.1953125,
      53.3984375,
      53.640625,
      54.03125,
      54.28125,
      54.59375,
      55.0859375,
      55.3359375,
      55.75,
      56.1328125,
      56.3984375,
      56.859375,
      57.140625,
      57.46875,
      57.8671875
    ],
    "test_loss": [
      2.3040568017959595,
      2.303668224811554,
      2.3033160877227785,
      2.3029978919029235,
      2.302683782577515,
      2.302362771034241,
      2.3020127511024473,
      2.301623582839966,
      2.301189134120941,
      2.3006864380836487,
      2.3000787019729616,
      2.299311013221741,
      2.2983474636077883,
      2.2970825171470644,
      2.2953207731246947,
      2.2928972673416137,
      2.2893466567993164,
      2.2841115283966062,
      2.276419315338135,
      2.2644031500816344,
      2.2443398332595823,
      2.2096676325798033,
      2.162024908065796,
      2.120726771354675,
      2.0689505803585053,
      2.011952269077301,
      1.9791187036037445,
      1.9589677000045775,
      1.940306042432785,
      1.923537139892578,
      1.9063580429553986,
      1.8880941188335418,
      1.8688174784183502,
      1.8484992003440857,
      1.8291937124729156,
      1.810180994272232,
      1.7933311712741853,
      1.7773072528839111,
      1.7613734769821168,
      1.7481075656414031,
      1.733870370388031,
      1.7213788855075836,
      1.709145005941391,
      1.7004119122028352,
      1.6894099950790404,
      1.680996309518814,
      1.669625816345215,
      1.6612079310417176,
      1.654314308166504,
      1.647779860496521,
      1.6397744238376617,
      1.6349462580680847,
      1.6276298689842223,
      1.6224592113494873,
      1.618818588256836,
      1.6147671806812287,
      1.609280240535736,
      1.6053995347023011,
      1.602923835515976,
      1.5999394297599792,
      1.5980160307884217,
      1.5918550634384154,
      1.589798607826233,
      1.5866310381889344,
      1.580791541337967,
      1.5799537408351898,
      1.5739922964572906,
      1.5715903866291046,
      1.5690160810947418,
      1.5621299600601197,
      1.5582001197338105,
      1.553638528585434,
      1.546700018644333,
      1.5410171020030976,
      1.5338526666164398,
      1.5313976800441742,
      1.523334163427353,
      1.5160865628719329,
      1.5110439777374267,
      1.5045027875900268,
      1.5027184534072875,
      1.5003559279441834,
      1.4927660381793977,
      1.4905210494995118,
      1.4844049537181854,
      1.4789164245128632,
      1.473611044883728,
      1.4736836385726928,
      1.4701514554023742,
      1.4693211317062378,
      1.463950914144516,
      1.4630197894573211,
      1.4606615221500396,
      1.4597190117835999,
      1.4571686935424806,
      1.4582164621353149,
      1.458857502937317,
      1.4631068980693818,
      1.461992392539978,
      1.4617657244205475
    ],