{
  "config": {
    "run_name": "exp1_1_K64_L8",
    "out_dir": "./results",
    "seed": 42,
    "bs_train": 128,
    "bs_test": 32,
    "batches": 100,
    "epochs": 100,
    "early_stopping": 5,
    "checkpoints": null,
    "lr": 0.001,
    "reg": 0.001,
    "filters_per_layer": [
      64
    ],
    "pool_every": 4,
    "hidden_dims": [
      100
    ],
    "ycn": false,
    "kw": {},
    "layers_per_block": 8
  },
  "results": {
    "num_epochs": 7,
    "train_loss": [
      2.3050402426719665,
      2.304677827358246,
      2.3043662667274476,
      2.304097216129303,
      2.3038633847236634,
      2.303659534454346,
      2.3034813952445985,
      2.3033263540267943
    ],
    "train_acc": [
      9.78125,
      9.6171875,
      10.03125,
      10.2109375,
      10.2109375,
      10.2109375,
      10.2109375,
      10.2109375
    ],
    "test_loss": [
      2.304169113636017,
      2.3038921475410463,
      2.3036594104766848,
      2.30346111536026,
      2.3032914066314696,
      2.3031460571289064,
      2.3030219721794127,
      2.3029178977012634
    ],
    "test_acc": [
      9.75,
      9.75,
      10.5,
      10.5,
      10.5,
      10.5,
      10.5,
      10.5
    ]
  }
}