{
  "config": {
    "run_name": "exp1_1_K64_L16",
    "out_dir": "./results",
    "seed": 2076953108,
    "bs_train": 128,
    "bs_test": 32,
    "batches": 100,
    "epochs": 200,
    "early_stopping": 10,
    "checkpoints": null,
    "lr": 0.01,
    "reg": 0.001,
    "filters_per_layer": [
      64
    ],
    "pool_every": 8,
    "hidden_dims": [
      100
    ],
    "ycn": false,
    "kw": {},
    "layers_per_block": 16
  },
  "results": {
    "num_epochs": 10,
    "train_loss": [
      2.303958585262299,
      2.302858850955963,
      2.3025828909873964,
      2.3025211095809937,
      2.302507631778717,
      2.3025043320655825,
      2.302502839565277,
      2.3025014710426333,
      2.302500126361847,
      2.3024986672401426,
      2.302497262954712
    ],
    "train_acc": [
      10.2109375,
      10.0625,
      9.90625,
      9.7578125,
      10.078125,
      10.3515625,
      10.3515625,
      10.3515625,
      10.3515625,
      10.3515625,
      10.3515625
    ],
    "test_loss": [
      2.3028203105926512,
      2.302524287700653,
      2.302513852119446,
      2.302541108131409,
      2.302561662197113,
      2.3025728845596314,
      2.3025782036781313,
      2.3025805521011353,
      2.3025808835029604,
      2.302580828666687,
      2.3025804805755614
    ],
    "test_acc": [
      10.5,
      10.5,
      10.5,
      10.125,
      10.125,
      10.125,
      10.125,
      10.125,
      10.125,
      10.125,
      10.125
    ]
  }
}