{
  "config": {
    "run_name": "exp1_1_K64_L4",
    "out_dir": "./results",
    "seed": 1856854684,
    "bs_train": 128,
    "bs_test": 32,
    "batches": 100,
    "epochs": 120,
    "early_stopping": 10,
    "checkpoints": null,
    "lr": 0.005,
    "reg": 0.001,
    "filters_per_layer": [
      64
    ],
    "pool_every": 2.0,
    "hidden_dims": [
      100
    ],
    "ycn": false,
    "kw": {},
    "layers_per_block": 4
  },
  "results": {
    "num_epochs": 43,
    "train_loss": [
      2.3035573148727417,
      2.3014732122421266,
      2.297620873451233,
      2.278900363445282,
      2.1613469338417053,
      2.014458134174347,
      1.9423041367530822,
      1.88298246383667,
      1.819798378944397,
      1.766428233385086,
      1.7210314798355102,
      1.6773334729671479,
      1.637306845188141,
      1.5984734046459197,
      1.5595355367660522,
      1.5227444791793823,
      1.4902603352069854,
      1.4569124591350555,
      1.4269997453689576,
      1.3929645669460298,
      1.3673742592334748,
      1.3335109388828277,
      1.305738126039505,
      1.2798940706253052,
      1.2518340718746186,
      1.2211565864086151,
      1.1946091222763062,
      1.1654082906246186,
      1.1365945154428483,
      1.1029500484466552,
      1.0718616932630538,
      1.0361721551418304,
      1.0036554181575774,
      0.9652872210741044,
      0.9258085316419602,
      0.8920425486564636,
      0.8514723426103592,
      0.8146636587381363,
      0.7757308256626129,
      0.7398944431543351,
      0.7163417980074882,
      0.6972413811087609,
      0.6684986820816994,
      0.6144499999284744
    ],
    "train_acc": [
      9.5859375,
      12.703125,
      12.7265625,
      14.5234375,
      22.09375,
      27.09375,
      29.828125,
      32.578125,
      34.7890625,
      36.7265625,
      38.625,
      40.5390625,
      42.1171875,
      43.421875,
      44.7890625,
      45.9296875,
      47.09375,
      48.390625,
      49.171875,
      50.4453125,
      51.625,
      52.796875,
      53.9375,
      54.65625,
      55.5390625,
      56.7578125,
      57.7265625,
      58.8671875,
      59.984375,
      61.140625,
      62.2421875,
      63.6015625,
      64.953125,
      66.4765625,
      68.0859375,
      69.2421875,
      70.4453125,
      71.84375,
      73.0078125,
      74.421875,
      75.046875,
      75.2734375,
      76.46875,
      78.578125
    ],
    "test_loss": [
      2.3025541496276856,
      2.300150876045227,
      2.2932821321487427,
      2.2454046058654784,
      2.0647084665298463,
      1.9616432476043701,
      1.9044756257534028,
      1.8397029256820678,
      1.787035664319992,
      1.7580924558639526,
      1.7095718479156494,
      1.680064582824707,
      1.642448296546936,
      1.6037501585483551,
      1.566512839794159,
      1.5339596903324126,
      1.508610451221466,
      1.4967039215564728,
      1.4775513875484467,
      1.4698035538196563,
      1.461705548763275,
      1.451281430721283,
      1.438962949514389,
      1.4391686296463013,
      1.4483759093284607,
      1.4555287706851958,
      1.4439917439222336,
      1.4415282487869263,
      1.4366230535507203,
      1.4328394269943237,
      1.4427875036001205,
      1.433990707397461,
      1.4304172849655152,
      1.4524993312358856,
      1.5029788213968276,
      1.5152080070972442,
      1.528068083524704,
      1.6022287887334823,
      1.7219318628311158,
      1.8782754063606262,
      1.92491534948349,
      1.8620784235000611,
      1.8098716413974762,
      1.9181966060400009
    ],
    "test_acc": [
      9.65625,
      10.59375,
      13.65625,
      17.78125,
      25.84375,
      30.46875,
      32.09375,
      35.28125,
      36.8125,
      37.71875,
      39.5625,
      40.40625,
      41.4375,
      43.25,
      44.59375,
      45.75,
      46.65625,
      47.15625,
      48.09375,
      48.65625,
      49.4375,
      49.84375,
      50.6875,
      50.875,
      51.15625,
      51.1875,
      51.71875,
      51.8125,
      51.625,
      51.78125,
      52.1875,
      52.34375,
      52.5625,
      52.90625,
      52.0,
      51.90625,
      52.15625,
      52.09375,
      51.3125,
      49.09375,
      49.0625,
      50.53125,
      50.03125,
      50.65625
    ]
  }
}