{
  "config": {
    "run_name": "exp1_2_L8_K32",
    "out_dir": "./results2",
    "seed": 230282854,
    "bs_train": 128,
    "bs_test": 32,
    "batches": 100,
    "epochs": 150,
    "early_stopping": 7,
    "checkpoints": null,
    "lr": 0.003,
    "reg": 0.001,
    "filters_per_layer": [
      32
    ],
    "pool_every": 4.0,
    "hidden_dims": [
      100
    ],
    "ycn": false,
    "kw": {},
    "layers_per_block": 8
  },
  "results": {
    "num_epochs": 8,
    "train_loss": [
      2.3045915818214415,
      2.30378963470459,
      2.303286619186401,
      2.302963433265686,
      2.3027562499046326,
      2.302621908187866,
      2.3025341057777404,
      2.302476942539215,
      2.302439548969269
    ],
    "train_acc": [
      9.78125,
      10.3203125,
      10.3515625,
      10.3515625,
      10.3515625,
      10.3515625,
      10.3515625,
      10.3515625,
      10.3515625
    ],
    "test_loss": [
      2.30431795835495,
      2.3036964106559754,
      2.3033073496818544,
      2.303053843975067,
      2.3028875207901,
      2.3027762603759765,
      2.3027017879486085,
      2.3026522541046144,
      2.302617537975311
    ],
    "test_acc": [
      9.75,
      10.125,
      10.125,
      10.125,
      10.125,
      10.125,
      10.125,
      10.125,
      10.125
    ]
  }
}