{
  "config": {
    "run_name": "exp1_1_K64_L2",
    "out_dir": "./results",
    "seed": 743690777,
    "bs_train": 128,
    "bs_test": 32,
    "batches": 100,
    "epochs": 120,
    "early_stopping": 10,
    "checkpoints": null,
    "lr": 0.005,
    "reg": 0.001,
    "filters_per_layer": [
      64
    ],
    "pool_every": 1.0,
    "hidden_dims": [
      100
    ],
    "ycn": false,
    "kw": {},
    "layers_per_block": 2
  },
  "results": {
    "num_epochs": 60,
    "train_loss": [
      2.2856994438171387,
      2.1823399591445924,
      2.0268577516078947,
      1.96622053027153,
      1.9207051992416382,
      1.8699073016643524,
      1.8139840841293335,
      1.7551880657672883,
      1.696525205373764,
      1.64260418176651,
      1.5929119086265564,
      1.5494296324253083,
      1.5119943666458129,
      1.4798823142051696,
      1.4503974878787995,
      1.4227293813228608,
      1.3952246010303497,
      1.3693273317813874,
      1.3441920804977416,
      1.3199098539352416,
      1.2959667575359344,
      1.2726281070709229,
      1.2502332139015198,
      1.228088105916977,
      1.2062722504138947,
      1.1855837029218674,
      1.1648407626152038,
      1.144891093969345,
      1.1250167804956437,
      1.105574248433113,
      1.0869990962743759,
      1.0680997639894485,
      1.0496412307024001,
      1.0312301695346833,
      1.0126287811994552,
      0.9938383287191391,
      0.9760251015424728,
      0.9572883903980255,
      0.9385906624794006,
      0.9193001806735992,
      0.9010626620054245,
      0.8826853942871093,
      0.8641381895542145,
      0.8452782964706421,
      0.8258772951364517,
      0.8071308201551437,
      0.7871107071638107,
      0.7681399840116501,
      0.7483314859867096,
      0.7278082305192948,
      0.7080840116739273,
      0.687341810464859,
      0.6675555473566055,
      0.6461587566137313,
      0.6262065717577934,
      0.6052835193276406,
      0.5851849249005318,
      0.5659335771203041,
      0.5457894611358642,
      0.5272889623045921,
      0.5089583334326744
    ],
    "train_acc": [
      12.328125,
      22.296875,
      27.125,
      29.1796875,
      31.34375,
      33.7109375,
      36.1171875,
      37.890625,
      39.984375,
      41.5,
      42.9921875,
      44.46875,
      45.765625,
      46.8671875,
      47.9453125,
      49.2890625,
      49.984375,
      50.8828125,
      51.6171875,
      52.6484375,
      53.578125,
      54.3125,
      55.5,
      56.453125,
      57.4140625,
      58.2890625,
      59.2421875,
      59.9765625,
      60.7109375,
      61.375,
      62.015625,
      62.53125,
      63.34375,
      63.9921875,
      64.578125,
      65.53125,
      66.28125,
      66.9140625,
      67.5546875,
      68.0625,
      68.8828125,
      69.5078125,
      70.21875,
      71.0078125,
      71.515625,
      72.296875,
      73.1953125,
      73.703125,
      74.5703125,
      75.3828125,
      75.9921875,
      76.8515625,
      77.4765625,
      78.2578125,
      79.09375,
      79.78125,
      80.8125,
      81.34375,
      82.25,
      82.984375,
      83.671875
    ],
    "test_loss": [
      2.255887565612793,
      2.084246461391449,
      1.9919387876987458,
      1.9419109916687012,
      1.892128643989563,
      1.8352942264080048,
      1.7859457325935364,
      1.737215791940689,
      1.6663621294498443,
      1.6032310676574708,
      1.559984838962555,
      1.5286479604244232,
      1.503793967962265,
      1.4842459154129028,
      1.4651038801670075,
      1.4426726078987122,
      1.4256968379020691,
      1.4117803764343262,
      1.3950440460443496,
      1.3816959470510484,
      1.368513547182083,
      1.3518281984329223,
      1.3395265632867812,
      1.322864995598793,
      1.3108046859502793,
      1.2974915915727616,
      1.280736065506935,
      1.2711526209115982,
      1.2549114155769348,
      1.2473220241069793,
      1.2367323231697083,
      1.228283892273903,
      1.2251931315660476,
      1.2138548827171325,
      1.2084787058830262,
      1.1998855298757554,
      1.1925453794002534,
      1.188006855249405,
      1.181346628665924,
      1.1791488963365555,
      1.1759132158756256,
      1.1746953880786897,
      1.1737101083993913,
      1.1702860522270202,
      1.1739568936824798,
      1.1749149239063263,
      1.1730928087234498,
      1.1715014916658402,
      1.1764536273479462,
      1.1837277448177337,
      1.1926932775974273,
      1.2032339817285538,
      1.2183742767572403,
      1.221204205751419,
      1.2380828231573104,
      1.2599395287036896,
      1.2768710601329802,
      1.307433380484581,
      1.3322928249835968,
      1.3587356233596801,
      1.3718701231479644
    ],
    "test_acc": [
      14.21875,
      27.09375,
      28.75,
      31.9375,
      34.4375,
      36.3125,
      37.4375,
      38.875,
      41.4375,
      42.875,
      44.59375,
      45.875,
      46.78125,
      47.46875,
      48.09375,
      49.3125,
      50.125,
      50.4375,
      51.5,
      52.34375,
      52.5,
      52.96875,
      53.375,
      53.75,
      54.3125,
      54.59375,
      55.21875,
      55.375,
      55.71875,
      56.09375,
      56.21875,
      56.40625,
      56.4375,
      56.78125,
      56.9375,
      57.375,
      57.8125,
      58.25,
      58.34375,
      58.53125,
      58.65625,
      58.75,
      58.8125,
      58.8125,
      59.0625,
      59.0,
      59.3125,
      59.46875,
      59.78125,
      59.65625,
      59.875,
      59.75,
      59.6875,
      59.71875,
      59.5,
      59.28125,
      59.40625,
      59.0625,
      58.78125,
      58.90625,
      59.09375
    ]
  }
}