{
  "config": {
    "run_name": "exp1_1_K64_L2",
    "out_dir": "./results",
    "seed": 42,
    "bs_train": 128,
    "bs_test": 32,
    "batches": 100,
    "epochs": 100,
    "early_stopping": 5,
    "checkpoints": null,
    "lr": 0.001,
    "reg": 0.001,
    "filters_per_layer": [
      64
    ],
    "pool_every": 1,
    "hidden_dims": [
      100
    ],
    "ycn": false,
    "kw": {},
    "layers_per_block": 2
  },
  "results": {
    "num_epochs": 97,
    "train_loss": [
      2.302470519542694,
      2.297842590808868,
      2.292985968589783,
      2.2869301891326903,
      2.278774425983429,
      2.267248101234436,
      2.2506272292137144,
      2.226145806312561,
      2.1911296463012695,
      2.146272165775299,
      2.097039258480072,
      2.051956181526184,
      2.015827941894531,
      1.9893162560462951,
      1.9697107291221618,
      1.953863469362259,
      1.9395939469337464,
      1.9257785940170289,
      1.9118742644786835,
      1.8980012047290802,
      1.8841357421875,
      1.8703250098228454,
      1.8563798725605012,
      1.8423693799972534,
      1.8282771122455597,
      1.814058518409729,
      1.7996203219890594,
      1.7847871494293213,
      1.7696042227745057,
      1.7539427936077119,
      1.738041580915451,
      1.7218991100788117,
      1.7054633140563964,
      1.6890492129325867,
      1.6727712535858155,
      1.6568357384204864,
      1.6413506114482879,
      1.626380524635315,
      1.6123074567317963,
      1.5990531682968139,
      1.586327201128006,
      1.5743463170528411,
      1.5627809417247773,
      1.5517222452163697,
      1.5411624002456665,
      1.5311257350444794,
      1.5213254487514496,
      1.5119128704071045,
      1.5027534818649293,
      1.4938011288642883,
      1.4851226019859314,
      1.4765559148788452,
      1.468192422389984,
      1.4598456811904907,
      1.4516126573085786,
      1.4437397944927215,
      1.4356887233257294,
      1.4277466487884523,
      1.4198306691646576,
      1.4120253038406372,
      1.4043290150165557,
      1.3964116716384887,
      1.388813773393631,
      1.381057517528534,
      1.3733702778816224,
      1.3657452881336212,
      1.3583069217205048,
      1.3508171343803406,
      1.3432346415519714,
      1.3359173905849457,
      1.32874272108078,
      1.3215622055530547,
      1.3145085668563843,
      1.3077076327800752,
      1.300888649225235,
      1.2941521000862122,
      1.2875585818290711,
      1.2813549602031709,
      1.2747583198547363,
      1.268616132736206,
      1.2624458754062653,
      1.2564330339431762,
      1.250357768535614,
      1.2442820596694946,
      1.2383587169647217,
      1.2326611518859862,
      1.226672612428665,
      1.2210738968849182,
      1.2152563774585723,
      1.2096061778068543,
      1.2040716230869293,
      1.1984995251893997,
      1.1931454813480378,
      1.1876287865638733,
      1.182120430469513,
      1.1767948067188263,
      1.171489486694336,
      1.1662266355752946,
      1.1608693772554397,
      1.1556706142425537
    ],
    "train_acc": [
      10.0078125,
      10.0390625,
      12.0078125,
      20.5546875,
      21.6796875,
      20.9140625,
      21.8046875,
      23.3046875,
      24.859375,
      26.09375,
      27.2265625,
      28.2109375,
      29.078125,
      30.015625,
      30.734375,
      31.3671875,
      32.015625,
      32.734375,
      33.2109375,
      33.765625,
      34.3203125,
      34.953125,
      35.3828125,
      35.9453125,
      36.625,
      37.0546875,
      37.5390625,
      37.96875,
      38.5546875,
      39.1953125,
      39.5390625,
      40.0234375,
      40.3984375,
      40.953125,
      41.6015625,
      42.109375,
      42.5625,
      43.0859375,
      43.5,
      43.734375,
      44.1953125,
      44.515625,
      44.8203125,
      45.0859375,
      45.421875,
      45.7109375,
      45.8359375,
      46.3046875,
      46.6015625,
      46.828125,
      47.1484375,
      47.4140625,
      47.734375,
      48.0703125,
      48.515625,
      48.7734375,
      48.8984375,
      49.1953125,
      49.40625,
      49.7421875,
      50.078125,
      50.3984375,
      50.578125,
      50.890625,
      50.96875,
      51.3046875,
      51.546875,
      51.890625,
      52.203125,
      52.5390625,
      52.828125,
      53.0859375,
      53.328125,
      53.5859375,
      53.8203125,
      54.0703125,
      54.359375,
      54.640625,
      54.7890625,
      54.96875,
      55.2109375,
      55.6171875,
      55.765625,
      55.984375,
      56.203125,
      56.484375,
      56.71875,
      56.9296875,
      57.1328125,
      57.25,
      57.4453125,
      57.703125,
      57.890625,
      58.1484375,
      58.375,
      58.5859375,
      58.8671875,
      59.0234375,
      59.1640625,
      59.3046875
    ],
    "test_loss": [
      2.299552218914032,
      2.295037806034088,
      2.289851813316345,
      2.2829490733146667,
      2.2734503030776976,
      2.259913215637207,
      2.2401478099823,
      2.210993218421936,
      2.1709565925598144,
      2.123474850654602,
      2.0758760273456573,
      2.036394839286804,
      2.006988480091095,
      1.9860129463672638,
      1.970042736530304,
      1.9559299051761627,
      1.9426099646091461,
      1.929003268480301,
      1.9154860162734986,
      1.9021151018142701,
      1.8881435704231262,
      1.8733442103862763,
      1.8584733951091765,
      1.843978704214096,
      1.8296309852600097,
      1.8155710113048553,
      1.8011819410324097,
      1.7867810213565827,
      1.7724258148670196,
      1.7575202643871308,
      1.742539610862732,
      1.7269311261177063,
      1.7112286353111268,
      1.6967781841754914,
      1.6826492393016814,
      1.6695507371425629,
      1.6589402163028717,
      1.648000910282135,
      1.6380828297138215,
      1.6275127863883971,
      1.6187006866931914,
      1.60983549118042,
      1.6021255087852477,
      1.5940481317043305,
      1.585998021364212,
      1.577599287033081,
      1.5690431463718415,
      1.5622832131385804,
      1.5550212705135344,
      1.5479181444644927,
      1.5402382791042328,
      1.5337799870967865,
      1.526181809902191,
      1.5186769449710846,
      1.5111319386959077,
      1.5035626244544984,
      1.4972371017932893,
      1.4902840554714203,
      1.4832262802124023,
      1.4762033689022065,
      1.469687362909317,
      1.4632804691791534,
      1.4565026867389679,
      1.4509511172771454,
      1.4447662043571472,
      1.437170284986496,
      1.430156866312027,
      1.422673349380493,
      1.416930558681488,
      1.40976034283638,
      1.402973403930664,
      1.3966385483741761,
      1.3896608877182006,
      1.3828449320793152,
      1.3780738008022309,
      1.373285279273987,
      1.3665031480789185,
      1.360056130886078,
      1.3551341903209686,
      1.3504963183403016,
      1.3459593212604524,
      1.3411639589071274,
      1.3364938688278198,
      1.3316075271368026,
      1.3282418608665467,
      1.3232646262645722,
      1.3199259173870086,
      1.315108014345169,
      1.3114285832643509,
      1.3085346603393555,
      1.3045639187097549,
      1.3003505378961564,
      1.2964037048816681,
      1.2927848130464554,
      1.2884640723466874,
      1.2853406023979188,
      1.2824274909496307,
      1.2795311707258223,
      1.27648865878582,
      1.2734293276071549
    ],