{
  "config": {
    "run_name": "exp1_1_K32_L2",
    "out_dir": "./results2",
    "seed": 128554186,
    "bs_train": 128,
    "bs_test": 32,
    "batches": 100,
    "epochs": 150,
    "early_stopping": 7,
    "checkpoints": null,
    "lr": 0.003,
    "reg": 0.001,
    "filters_per_layer": [
      32
    ],
    "pool_every": 1.0,
    "hidden_dims": [
      100
    ],
    "ycn": false,
    "kw": {},
    "layers_per_block": 2
  },
  "results": {
    "num_epochs": 78,
    "train_loss": [
      2.2957914686203003,
      2.2731816744804383,
      2.219835247993469,
      2.158916850090027,
      2.094628942012787,
      2.015533756017685,
      1.972977832555771,
      1.947152955532074,
      1.923338018655777,
      1.899342190027237,
      1.8749177598953246,
      1.849403556585312,
      1.8232908642292023,
      1.7957104790210723,
      1.7675250124931337,
      1.7390852057933808,
      1.709767634868622,
      1.680437982082367,
      1.6518670511245728,
      1.6262804067134857,
      1.601748286485672,
      1.578684343099594,
      1.557337394952774,
      1.537866371870041,
      1.519470911026001,
      1.5024317979812623,
      1.486492122411728,
      1.4709130358695983,
      1.4563581764698028,
      1.4414016437530517,
      1.4263742113113402,
      1.4123127007484435,
      1.3971257293224335,
      1.381912214756012,
      1.3668173241615296,
      1.3511277854442596,
      1.3360199403762818,
      1.3207214820384978,
      1.305791393518448,
      1.2914567649364472,
      1.277256121635437,
      1.2637966895103454,
      1.2505847322940826,
      1.2375898444652558,
      1.2246077859401703,
      1.2124842131137847,
      1.1993404132127763,
      1.187210763692856,
      1.1754577267169952,
      1.1638683116436004,
      1.1516661673784256,
      1.1397821176052094,
      1.1275849312543869,
      1.115465171933174,
      1.1035958421230316,
      1.0913207370042801,
      1.0795958590507508,
      1.0682225334644317,
      1.0568278300762177,
      1.0447164648771285,
      1.0328586333990097,
      1.020943932533264,
      1.008930308818817,
      0.9975609040260315,
      0.986251300573349,
      0.9741555440425873,
      0.9624732822179795,
      0.9517582148313523,
      0.9397548079490662,
      0.9277955895662308,
      0.9159310084581375,
      0.9038965666294098,
      0.8917144721746445,
      0.8799443084001541,
      0.8677927619218826,
      0.8555129760503769,
      0.8434936970472335,
      0.8312511080503464,
      0.8192417073249817
    ],
    "train_acc": [
      11.484375,
      15.8828125,
      18.453125,
      21.1640625,
      25.2890625,
      28.453125,
      29.71875,
      30.6171875,
      31.4921875,
      32.2734375,
      33.390625,
      34.5390625,
      35.40625,
      36.7265625,
      37.6953125,
      38.59375,
      39.71875,
      40.5234375,
      41.625,
      42.5390625,
      43.390625,
      44.234375,
      44.78125,
      45.4609375,
      46.1015625,
      46.84375,
      47.2421875,
      47.6640625,
      48.2109375,
      48.6328125,
      49.125,
      49.5078125,
      50.0234375,
      50.7734375,
      51.28125,
      51.9296875,
      52.2578125,
      52.8984375,
      53.5859375,
      53.96875,
      54.421875,
      54.921875,
      55.2421875,
      55.8671875,
      56.2421875,
      56.859375,
      57.453125,
      57.8203125,
      58.34375,
      58.7578125,
      59.203125,
      59.734375,
      60.1328125,
      60.6796875,
      61.15625,
      61.671875,
      62.1484375,
      62.671875,
      63.0,
      63.546875,
      63.890625,
      64.3359375,
      64.875,
      65.296875,
      65.7109375,
      66.140625,
      66.5859375,
      66.9375,
      67.515625,
      67.8984375,
      68.4453125,
      68.8828125,
      69.296875,
      69.6796875,
      70.03125,
      70.4609375,
      70.90625,
      71.1953125,
      71.828125
    ],
    "test_loss": [
      2.2871747994422913,
      2.252537474632263,
      2.18636976480484,
      2.130937418937683,
      2.046551215648651,
      1.9815660631656646,
      1.9493085277080535,
      1.9232951390743256,
      1.8990667676925659,
      1.8738736426830291,
      1.8493195509910583,
      1.823464162349701,
      1.7987473237514495,
      1.7777048969268798,
      1.7583727204799653,
      1.7366686427593232,
      1.712842310667038,
      1.6796367931365968,
      1.6480064988136292,
      1.6177651381492615,
      1.5901068651676178,
      1.572982714176178,
      1.5563785684108735,
      1.5441431868076325,
      1.5348590183258057,
      1.5269982087612153,
      1.5187519240379332,
      1.5159115862846375,
      1.501991777420044,
      1.4915896666049957,
      1.4847189211845397,
      1.4728371107578277,
      1.463228200674057,
      1.4542855179309846,
      1.4420054960250854,
      1.4299565851688385,
      1.4170867311954498,
      1.4069197487831115,
      1.3975581705570221,
      1.3876845633983612,
      1.379204283952713,
      1.3723262226581574,
      1.3642869758605958,
      1.3605544126033784,
      1.3534642946720123,
      1.346988970041275,
      1.3386814934015274,
      1.3328868067264557,
      1.3261671686172485,
      1.3237092691659926,
      1.3163315737247467,
      1.316530921459198,
      1.3124833756685257,
      1.3073332661390304,
      1.300093069076538,
      1.298569892644882,
      1.295271379351616,
      1.2921979248523712,
      1.287150535583496,
      1.2841927069425583,
      1.284463450908661,
      1.2842667478322982,
      1.283754608631134,
      1.2787885499000549,
      1.2806878334283829,
      1.279321590065956,
      1.2796668738126755,
      1.275535852909088,
      1.2757011169195176,
      1.2741551387310028,
      1.278281033039093,
      1.2776162296533584,
      1.2827394998073578,
      1.2888604199886322,
      1.2895917588472365,
      1.2920395213365554,
      1.299044434428215,
      1.3052593690156937,
      1.303165100812912
    ],
    "test_acc": [
      11.75,
      16.59375,
      19.5625,
      23.96875,
      29.375,
      30.46875,
      31.71875,
      32.59375,
      33.5625,
      34.75,
      35.5,
      36.65625,
      38.15625,
      38.9375,
      39.21875,
      39.84375,
      40.46875,
      40.90625,
      42.15625,
      43.4375,
      44.1875,
      45.28125,
      45.34375,
      45.5,
      45.59375,
      45.46875,
      46.15625,
      46.5,
      46.625,
      47.25,
      47.78125,
      48.25,
      48.78125,
      49.09375,
      49.46875,
      50.3125,
      50.8125,
      51.28125,
      51.8125,
      52.15625,
      52.125,
      52.4375,
      52.625,
      52.78125,
      53.15625,
      53.3125,
      53.46875,
      53.5,
      53.75,
      53.8125,
      54.03125,
      53.875,
      54.21875,
      54.375,
      54.625,
      54.59375,
      54.65625,
      54.375,
      55.125,
      55.09375,
      55.28125,
      55.25,
      55.53125,
      55.78125,
      55.8125,
      56.03125,
      56.03125,
      56.4375,
      56.34375,
      56.375,
      56.59375,
      56.75,
      56.625,
      56.46875,
      56.59375,
      56.59375,
      56.5625,
      56.46875,
      56.5625
    ]
  }
}