{
  "config": {
    "run_name": "exp1_2_L2_L32",
    "out_dir": "./results",
    "seed": 1619917509,
    "bs_train": 128,
    "bs_test": 32,
    "batches": 100,
    "epochs": 100,
    "early_stopping": 7,
    "checkpoints": null,
    "lr": 0.001,
    "reg": 0.001,
    "filters_per_layer": [
      32
    ],
    "pool_every": 1.0,
    "hidden_dims": [
      100
    ],
    "ycn": false,
    "kw": {},
    "layers_per_block": 2
  },
  "results": {
    "num_epochs": 96,
    "train_loss": [
      2.3035525918006896,
      2.298957977294922,
      2.29458048582077,
      2.2892983531951905,
      2.282371289730072,
      2.2728873753547667,
      2.259454379081726,
      2.2409832811355592,
      2.2172573971748353,
      2.190315704345703,
      2.1636995530128478,
      2.137416522502899,
      2.1081583189964292,
      2.0750890707969667,
      2.0411205077171326,
      2.0117134833335877,
      1.9895171988010407,
      1.9733561313152312,
      1.9607455515861512,
      1.9499124610424041,
      1.9398296535015107,
      1.9302855050563812,
      1.920990812778473,
      1.9117757725715636,
      1.9024860107898711,
      1.8932922542095185,
      1.8839817774295806,
      1.8744748318195343,
      1.8647932279109956,
      1.8549060106277466,
      1.8447309994697572,
      1.8342434537410737,
      1.8234305894374847,
      1.812528840303421,
      1.801369663476944,
      1.789812481403351,
      1.7779681873321533,
      1.765837254524231,
      1.7535071194171905,
      1.7409497046470641,
      1.7283064210414887,
      1.715295604467392,
      1.7023620998859406,
      1.6892855441570283,
      1.6763619875907898,
      1.6635404241085052,
      1.6508523643016815,
      1.6384853982925416,
      1.6265930700302125,
      1.6150528991222382,
      1.603755645751953,
      1.5931470942497254,
      1.582935301065445,
      1.5734351325035094,
      1.5644090712070464,
      1.5555476820468903,
      1.5473444712162019,
      1.5394036555290223,
      1.5319237041473388,
      1.5245430612564086,
      1.5176021945476532,
      1.5109119665622712,
      1.5044456624984741,
      1.4982684791088103,
      1.4923209142684937,
      1.4864374041557311,
      1.4802908897399902,
      1.4745669710636138,
      1.4687117195129396,
      1.4633440709114074,
      1.4580267190933227,
      1.4525621128082276,
      1.447238802909851,
      1.4418838095664979,
      1.4367586445808411,
      1.4313880610466003,
      1.4261849403381348,
      1.4209135925769807,
      1.4158702576160431,
      1.4108073556423186,
      1.405677423477173,
      1.4005510675907136,
      1.3955109417438507,
      1.3904924738407134,
      1.3851092970371246,
      1.3800239098072051,
      1.3750904321670532,
      1.3699269437789916,
      1.3648773097991944,
      1.3595710408687591,
      1.354424215555191,
      1.3490381681919097,
      1.343595654964447,
      1.3385021924972533,
      1.3333239221572877,
      1.3277551138401031,
      1.3227392864227294,
      1.3175247263908387,
      1.312179033756256,
      1.3072531020641327
    ],
    "train_acc": [
      9.75,
      10.25,
      10.2109375,
      10.515625,
      12.984375,
      15.84375,
      17.4609375,
      18.421875,
      19.4296875,
      20.6640625,
      22.171875,
      23.7734375,
      25.140625,
      26.8515625,
      27.859375,
      28.6484375,
      29.28125,
      29.9453125,
      30.5,
      31.125,
      31.484375,
      31.90625,
      32.2265625,
      32.5390625,
      33.0234375,
      33.359375,
      33.828125,
      34.0625,
      34.3671875,
      34.7734375,
      35.1484375,
      35.4765625,
      35.9140625,
      36.25,
      36.6796875,
      37.0703125,
      37.40625,
      37.78125,
      38.3046875,
      38.7734375,
      39.1171875,
      39.5625,
      40.0859375,
      40.5390625,
      40.84375,
      41.2421875,
      41.71875,
      42.3046875,
      42.7578125,
      43.0625,
      43.453125,
      43.7265625,
      44.2734375,
      44.546875,
      44.6953125,
      44.921875,
      45.3359375,
      45.6875,
      45.9296875,
      46.3125,
      46.3984375,
      46.59375,
      46.6484375,
      46.9453125,
      47.1796875,
      47.5,
      47.765625,
      47.96875,
      48.1015625,
      48.28125,
      48.5390625,
      48.7109375,
      48.96875,
      49.1484375,
      49.2890625,
      49.5546875,
      49.765625,
      49.96875,
      50.125,
      50.2734375,
      50.515625,
      50.6171875,
      50.7109375,
      50.9765625,
      51.09375,
      51.1640625,
      51.3671875,
      51.609375,
      51.7578125,
      51.875,
      52.0,
      52.125,
      52.40625,
      52.578125,
      52.8046875,
      53.0703125,
      53.265625,
      53.53125,
      53.65625,
      53.921875
    ],
    "test_loss": [
      2.300174608230591,
      2.2961299657821654,
      2.291613917350769,
      2.285863871574402,
      2.278143196105957,
      2.267476041316986,
      2.2522251868247984,
      2.2318493056297304,
      2.2068504548072814,
      2.180254681110382,
      2.1544077682495115,
      2.126802694797516,
      2.0949573016166685,
      2.0601197469234465,
      2.027730703353882,
      2.0027232038974763,
      1.9850660514831544,
      1.971916776895523,
      1.9609045958518982,
      1.9510810554027558,
      1.9417193460464477,
      1.932633445262909,
      1.9236757552623749,
      1.9144380021095275,
      1.9049076092243196,
      1.8955640709400177,
      1.8858748292922973,
      1.8760547482967376,
      1.8658453249931335,
      1.8553977155685424,
      1.8449594748020173,
      1.834291273355484,
      1.8232573640346528,
      1.8124742567539216,
      1.8015774941444398,
      1.790325449705124,
      1.778896986246109,
      1.767522906064987,
      1.7557235634326935,
      1.7436198949813844,
      1.731584551334381,
      1.719364297389984,
      1.707242068052292,
      1.6956256794929505,
      1.68444642663002,
      1.674095677137375,
      1.6647235584259032,
      1.6572785151004792,
      1.6500662350654602,
      1.6437760233879088,
      1.6396544647216797,
      1.6345581209659577,
      1.6308870935440063,
      1.6243285357952117,
      1.6184624969959258,
      1.6122298777103423,
      1.6064260280132294,
      1.600390510559082,
      1.5955609250068665,
      1.588359273672104,
      1.58334321975708,
      1.578117778301239,
      1.5728291916847228,
      1.5676422584056855,
      1.5627034437656402,
      1.5575010192394256,
      1.5546158456802368,
      1.5501113724708557,
      1.5462263131141663,
      1.5415874493122101,
      1.5374667501449586,
      1.532294453382492,
      1.528045048713684,
      1.5248600518703461,
      1.5211141884326935,
      1.5168457508087159,
      1.5121832370758057,
      1.5081560146808624,
      1.5038322639465331,
      1.5002035593986511,
      1.4967907333374024,
      1.4937136340141297,
      1.4901950073242187,
      1.4862597894668579,
      1.4844230461120604,
      1.4801335990428925,
      1.4766517961025238,
      1.4728519117832184,
      1.469857611656189,
      1.4662822544574738,
      1.4608954787254333,
      1.4570077383518218,
      1.4522274875640868,
      1.4483393347263336,
      1.4443457567691802,
      1.4389020442962646,
      1.4357007026672364,
      1.4312013494968414,
      1.4279503107070923,
      1.4252772068977355
    ],