{
  "config": {
    "run_name": "exp1_2_L8_K128",
    "out_dir": "./results2",
    "seed": 565641887,
    "bs_train": 128,
    "bs_test": 32,
    "batches": 100,
    "epochs": 150,
    "early_stopping": 7,
    "checkpoints": null,
    "lr": 0.003,
    "reg": 0.001,
    "filters_per_layer": [
      128
    ],
    "pool_every": 4.0,
    "hidden_dims": [
      100
    ],
    "ycn": false,
    "kw": {},
    "layers_per_block": 8
  },
  "results": {
    "num_epochs": 7,
    "train_loss": [
      2.304017872810364,
      2.3034625577926637,
      2.30310932636261,
      2.30287294626236,
      2.3027110147476195,
      2.3025992941856384,
      2.302522351741791,
      2.302469780445099
    ],
    "train_acc": [
      9.671875,
      10.3515625,
      10.3515625,
      10.3515625,
      10.3515625,
      10.3515625,
      10.3515625,
      10.3515625
    ],
    "test_loss": [
      2.30401451587677,
      2.303549346923828,
      2.3032411527633667,
      2.303028244972229,
      2.302878909111023,
      2.302774200439453,
      2.302701618671417,
      2.302649281024933
    ],
    "test_acc": [
      10.125,
      10.125,
      10.125,
      10.125,
      10.125,
      10.125,
      10.125,
      10.125
    ]
  }
}