{
  "config": {
    "run_name": "exp1_2_L2_K32",
    "out_dir": "./results2",
    "seed": 588147389,
    "bs_train": 128,
    "bs_test": 32,
    "batches": 100,
    "epochs": 150,
    "early_stopping": 7,
    "checkpoints": null,
    "lr": 0.003,
    "reg": 0.001,
    "filters_per_layer": [
      32
    ],
    "pool_every": 1.0,
    "hidden_dims": [
      100
    ],
    "ycn": false,
    "kw": {},
    "layers_per_block": 2
  },
  "results": {
    "num_epochs": 87,
    "train_loss": [
      2.3013448882102967,
      2.2955531787872316,
      2.2850586485862734,
      2.258640561103821,
      2.182040550708771,
      2.0621228420734408,
      1.9958036458492279,
      1.9643793725967407,
      1.9384210729598998,
      1.9120934987068177,
      1.883930537700653,
      1.8542217743396758,
      1.8229127371311187,
      1.791291469335556,
      1.7587664580345155,
      1.7263604605197906,
      1.6948931419849396,
      1.664369240999222,
      1.635423389673233,
      1.608677784204483,
      1.5827210128307343,
      1.5582599079608916,
      1.5359352231025696,
      1.5150764298439026,
      1.4954925930500031,
      1.476721237897873,
      1.4585062682628631,
      1.4408213412761688,
      1.4238717663288116,
      1.4075738847255708,
      1.39165256023407,
      1.3759357035160065,
      1.361372766494751,
      1.3473547422885894,
      1.3339326107501983,
      1.3212644147872925,
      1.3088956713676452,
      1.2967991018295288,
      1.2847247517108917,
      1.2728746485710145,
      1.261106573343277,
      1.2496580910682678,
      1.238504000902176,
      1.2276889193058014,
      1.2169430828094483,
      1.2062329626083375,
      1.1952261447906494,
      1.184595176577568,
      1.17347625374794,
      1.1624886584281922,
      1.151711911559105,
      1.140646978020668,
      1.1298043674230576,
      1.1188226652145385,
      1.107579470872879,
      1.0967979407310486,
      1.085960746407509,
      1.0744444942474365,
      1.0633085638284683,
      1.051878474354744,
      1.0405913186073303,
      1.0295957428216935,
      1.0185169494152069,
      1.0070864135026931,
      0.9958358711004257,
      0.9840471434593201,
      0.9722614222764969,
      0.960567433834076,
      0.948502100110054,
      0.9360893434286117,
      0.9235221618413925,
      0.9118022727966308,
      0.8996419656276703,
      0.8875978708267211,
      0.8750666546821594,
      0.8631039065122604,
      0.8511409068107605,
      0.8383235400915146,
      0.8259519827365875,
      0.8129475212097168,
      0.8013489812612533,
      0.7888872492313385,
      0.7761207967996597,
      0.7637833791971207,
      0.7514959853887558,
      0.7394233566522598,
      0.7275130206346512,
      0.7136972033977509
    ],
    "train_acc": [
      13.640625,
      14.390625,
      15.375,
      18.46875,
      23.625,
      27.1015625,
      28.359375,
      29.625,
      30.640625,
      31.8515625,
      33.0703125,
      34.46875,
      35.7109375,
      36.703125,
      37.921875,
      39.078125,
      40.2265625,
      41.1953125,
      42.015625,
      42.703125,
      43.59375,
      44.484375,
      45.265625,
      45.90625,
      46.5703125,
      47.3203125,
      47.96875,
      48.5234375,
      49.2578125,
      49.703125,
      50.2578125,
      50.7890625,
      51.3984375,
      51.8125,
      52.2421875,
      52.8359375,
      53.28125,
      53.703125,
      54.2890625,
      54.734375,
      55.2578125,
      55.75,
      56.1796875,
      56.6171875,
      57.0703125,
      57.4609375,
      57.6171875,
      58.1171875,
      58.5,
      59.0,
      59.40625,
      59.921875,
      60.4921875,
      60.84375,
      61.125,
      61.625,
      62.046875,
      62.640625,
      63.1015625,
      63.6171875,
      64.015625,
      64.3203125,
      64.890625,
      65.140625,
      65.6875,
      65.984375,
      66.3515625,
      66.8359375,
      67.140625,
      67.578125,
      68.15625,
      68.4921875,
      69.078125,
      69.578125,
      70.015625,
      70.5,
      70.875,
      71.4140625,
      72.0,
      72.4296875,
      72.859375,
      73.296875,
      73.7421875,
      74.3203125,
      74.78125,
      75.28125,
      75.671875,
      76.265625
    ],
    "test_loss": [
      2.2981287956237795,
      2.290999164581299,
      2.275656862258911,
      2.232019522190094,
      2.1191626131534576,
      2.0200939679145815,
      1.9785167372226715,
      1.9510648763179779,
      1.9239436388015747,
      1.8955624401569366,
      1.8677967071533204,
      1.8367138719558715,
      1.8050044226646422,
      1.7776620757579804,
      1.7522739028930665,
      1.7276836144924164,
      1.6980033361911773,
      1.664575299024582,
      1.634688174724579,
      1.607507220506668,
      1.5838306796550752,
      1.562799780368805,
      1.5483269202709198,
      1.531908254623413,
      1.5201384687423707,
      1.509990335702896,
      1.4994300997257233,
      1.4884961450099945,
      1.479377657175064,
      1.4689361608028413,
      1.4550326240062714,
      1.4465889763832092,
      1.4387374377250672,
      1.432175577878952,
      1.4245607125759125,
      1.4181612884998323,
      1.4122685980796814,
      1.4082030975818634,
      1.4021210551261902,
      1.396228768825531,
      1.3915442883968354,
      1.3874278199672698,
      1.3857940340042114,
      1.3807424259185792,
      1.3810999238491057,
      1.3767124444246293,
      1.373123555779457,
      1.3699835056066514,
      1.3655023515224456,
      1.3613302326202392,
      1.356254426240921,
      1.3510358518362044,
      1.3475253814458847,
      1.3419783955812454,
      1.3371831744909286,
      1.333468257188797,
      1.3321496886014939,
      1.3312024825811386,
      1.3283386743068695,
      1.3289498126506805,
      1.325276340842247,
      1.3202328979969025,
      1.3186574351787568,
      1.3150555521249772,
      1.319191039800644,
      1.3109432083368302,
      1.310263023376465,
      1.3141427153348924,
      1.3136578458547592,
      1.3089077597856522,
      1.3062833338975905,
      1.3051713413000108,
      1.3083528643846511,
      1.3099691116809844,
      1.312066257596016,
      1.307545815706253,
      1.3093701416254044,
      1.3092889684438704,
      1.3062484169006348,
      1.3103980445861816,
      1.3109510034322738,
      1.3139646989107132,
      1.3181911677122116,
      1.3234270149469376,
      1.3255637896060943,
      1.3304711431264877,
      1.3362654441595077,
      1.346898542046547
    ],
    "test_acc": [
      14.40625,
      13.65625,
      15.0,
      21.125,
      27.21875,
      28.625,
      29.78125,
      30.78125,
      32.09375,
      33.34375,
      34.71875,
      35.625,
      37.09375,
      38.25,
      39.3125,
      40.1875,
      41.15625,
      42.5,
      43.3125,
      43.6875,
      44.375,
      44.625,
      45.375,
      45.96875,
      46.46875,
      47.0625,
      47.25,
      47.875,
      48.4375,
      48.875,
      49.5625,
      49.875,
      50.1875,
      50.40625,
      50.46875,
      50.59375,
      50.75,
      51.0,
      51.1875,
      51.40625,
      51.40625,
      51.84375,
      51.875,
      52.0,
      51.84375,
      51.875,
      51.96875,
      52.125,
      51.96875,
      52.28125,
      52.46875,
      52.65625,
      52.625,
      52.6875,
      52.84375,
      53.03125,
      53.21875,
      53.28125,
      53.125,
      53.28125,
      53.34375,
      53.53125,
      53.59375,
      53.6875,
      53.75,
      53.9375,
      54.09375,
      54.34375,
      54.40625,
      54.53125,
      54.71875,
      54.9375,
      54.75,
      55.1875,
      55.21875,
      55.5,
      55.375,
      55.5625,
      55.71875,
      55.8125,
      55.96875,
      55.78125,
      55.8125,
      55.75,
      55.65625,
      55.625,
      55.40625,
      55.28125
    ]
  }
}