{
  "config": {
    "run_name": "exp1_1_K32_L4",
    "out_dir": "./results",
    "seed": 42,
    "bs_train": 128,
    "bs_test": 32,
    "batches": 100,
    "epochs": 100,
    "early_stopping": 5,
    "checkpoints": null,
    "lr": 0.001,
    "reg": 0.001,
    "filters_per_layer": [
      32
    ],
    "pool_every": 2,
    "hidden_dims": [
      100
    ],
    "ycn": false,
    "kw": {},
    "layers_per_block": 4
  },
  "results": {
    "num_epochs": 5,
    "train_loss": [
      2.304103217124939,
      2.3038118839263917,
      2.3035668540000915,
      2.303354525566101,
      2.3031688213348387,
      2.3030058193206786
    ],
    "train_acc": [
      10.2109375,
      10.2109375,
      10.2109375,
      10.2109375,
      10.2109375,
      10.2109375
    ],
    "test_loss": [
      2.303892982006073,
      2.3036484479904176,
      2.3034355521202086,
      2.30325217962265,
      2.3030918288230895,
      2.302951135635376
    ],
    "test_acc": [
      10.46875,
      10.46875,
      10.46875,
      10.46875,
      10.46875,
      10.46875
    ]
  }
}