{
  "config": {
    "run_name": "exp1_1_K32_L6",
    "out_dir": "./results",
    "seed": 1165298222,
    "bs_train": 128,
    "bs_test": 32,
    "batches": 100,
    "epochs": 120,
    "early_stopping": 10,
    "checkpoints": null,
    "lr": 0.005,
    "reg": 0.001,
    "filters_per_layer": [
      32
    ],
    "pool_every": 3.0,
    "hidden_dims": [
      100
    ],
    "ycn": false,
    "kw": {},
    "layers_per_block": 6
  },
  "results": {
    "num_epochs": 11,
    "train_loss": [
      2.303555784225464,
      2.3029721450805662,
      2.3026771116256715,
      2.3025225019454956,
      2.302440838813782,
      2.3023955106735228,
      2.302368929386139,
      2.3023506736755373,
      2.302336087226868,
      2.3023232793807984,
      2.30230966091156,
      2.3022953414916993
    ],
    "train_acc": [
      9.890625,
      9.828125,
      10.2109375,
      10.2109375,
      10.2109375,
      10.1953125,
      10.0546875,
      10.328125,
      10.3515625,
      10.3515625,
      10.3515625,
      10.3515625
    ],
    "test_loss": [
      2.303312802314758,
      2.302918586730957,
      2.302708399295807,
      2.302595946788788,
      2.302535479068756,
      2.302500443458557,
      2.3024778938293458,
      2.302462284564972,
      2.302447772026062,
      2.3024333453178407,
      2.3024185132980346,
      2.3024018883705137
    ],
    "test_acc": [
      9.84375,
      10.46875,
      10.46875,
      10.46875,
      10.46875,
      10.0625,
      10.125,
      10.125,
      10.125,
      10.125,
      10.125,
      10.125
    ]
  }
}