{
  "config": {
    "run_name": "exp1_2_L8_L258",
    "out_dir": "./results",
    "seed": 2021763252,
    "bs_train": 128,
    "bs_test": 32,
    "batches": 100,
    "epochs": 100,
    "early_stopping": 7,
    "checkpoints": null,
    "lr": 0.001,
    "reg": 0.001,
    "filters_per_layer": [
      258
    ],
    "pool_every": 4.0,
    "hidden_dims": [
      100
    ],
    "ycn": false,
    "kw": {},
    "layers_per_block": 8
  },
  "results": {
    "num_epochs": 7,
    "train_loss": [
      2.304015328884125,
      2.3037938714027404,
      2.3036082577705383,
      2.303448598384857,
      2.3033099150657654,
      2.303188943862915,
      2.3030832767486573,
      2.302990336418152
    ],
    "train_acc": [
      10.2109375,
      10.2109375,
      10.2109375,
      10.2109375,
      10.2109375,
      10.2109375,
      10.2109375,
      10.2109375
    ],
    "test_loss": [
      2.3035498237609864,
      2.3033880019187927,
      2.3032533645629885,
      2.3031382393836974,
      2.3030398297309875,
      2.302954659461975,
      2.3028818655014036,
      2.302818489074707
    ],
    "test_acc": [
      10.46875,
      10.46875,
      10.46875,
      10.46875,
      10.46875,
      10.46875,
      10.46875,
      10.46875
    ]
  }
}