{
  "config": {
    "run_name": "exp1_1_K32_L8",
    "out_dir": "./results",
    "seed": 1150357688,
    "bs_train": 128,
    "bs_test": 32,
    "batches": 100,
    "epochs": 100,
    "early_stopping": 7,
    "checkpoints": null,
    "lr": 0.001,
    "reg": 0.001,
    "filters_per_layer": [
      32
    ],
    "pool_every": 4.0,
    "hidden_dims": [
      100
    ],
    "ycn": false,
    "kw": {},
    "layers_per_block": 8
  },
  "results": {
    "num_epochs": 7,
    "train_loss": [
      2.303689470291138,
      2.3035052847862243,
      2.3033460807800292,
      2.30320725440979,
      2.3030868411064147,
      2.3029825830459596,
      2.3028923583030703,
      2.302815339565277
    ],
    "train_acc": [
      10.3515625,
      10.3515625,
      10.3515625,
      10.3515625,
      10.3515625,
      10.3515625,
      10.3515625,
      10.3515625
    ],
    "test_loss": [
      2.30360178232193,
      2.303443331718445,
      2.3033063912391665,
      2.303188304901123,
      2.3030865502357485,
      2.302998995780945,
      2.302924778461456,
      2.302861568927765
    ],
    "test_acc": [
      10.125,
      10.125,
      10.125,
      10.125,
      10.125,
      10.125,
      10.125,
      10.125
    ]
  }
}