{
  "config": {
    "run_name": "exp1_1_K64_L4",
    "out_dir": "./results",
    "seed": 1852379573,
    "bs_train": 128,
    "bs_test": 32,
    "batches": 100,
    "epochs": 200,
    "early_stopping": 10,
    "checkpoints": null,
    "lr": 0.01,
    "reg": 0.001,
    "filters_per_layer": [
      64
    ],
    "pool_every": 2,
    "hidden_dims": [
      100
    ],
    "ycn": false,
    "kw": {},
    "layers_per_block": 4
  },
  "results": {
    "num_epochs": 34,
    "train_loss": [
      2.302639858722687,
      2.2949341464042665,
      2.2027803087234497,
      2.0413040471076966,
      1.9204301273822784,
      1.8277785563468933,
      1.7275946819782257,
      1.6555006110668182,
      1.5977187442779541,
      1.5429365265369415,
      1.4968458271026612,
      1.4569234144687653,
      1.424455691576004,
      1.3874273931980132,
      1.3530571854114533,
      1.316173266172409,
      1.2742561030387878,
      1.233638962507248,
      1.186110070347786,
      1.1390725457668305,
      1.0933741277456284,
      1.0486900204420089,
      0.9918100529909134,
      0.9215232110023499,
      0.8571853214502334,
      0.7894661903381348,
      0.72180139452219,
      0.6993520048260689,
      0.7016980117559433,
      0.6718104934692383,
      0.6082851949334145,
      0.5749722224473953,
      0.49166733980178834,
      0.41840372562408445,
      0.3672260744869709
    ],
    "train_acc": [
      10.3203125,
      13.6328125,
      17.5859375,
      27.15625,
      30.9453125,
      34.59375,
      38.1640625,
      40.984375,
      42.9375,
      44.828125,
      46.4296875,
      48.0546875,
      49.40625,
      50.5,
      51.7734375,
      53.15625,
      54.6875,
      56.4296875,
      58.0,
      59.421875,
      61.34375,
      62.8515625,
      64.8828125,
      67.671875,
      69.7265625,
      72.3671875,
      75.0390625,
      75.390625,
      75.125,
      75.9453125,
      78.765625,
      79.7109375,
      82.4375,
      84.921875,
      87.265625
    ],
    "test_loss": [
      2.301113793849945,
      2.277272493839264,
      2.1350630235672,
      2.0245918190479277,
      1.9305175924301148,
      1.746516922712326,
      1.697701654434204,
      1.6564093613624573,
      1.600597243309021,
      1.5609575414657593,
      1.5259844064712524,
      1.50153364777565,
      1.484525854587555,
      1.4818418979644776,
      1.4917450392246245,
      1.5202690887451171,
      1.5103569066524505,
      1.4841936081647873,
      1.4539687138795854,
      1.4475460690259934,
      1.4210553354024886,
      1.4256497186422348,
      1.4467979955673218,
      1.4772551959753037,
      1.5402932971715928,
      1.6103471636772155,
      1.7498415088653565,
      1.8746684604883195,
      2.1530938363075256,
      2.2081146132946015,
      2.164800322651863,
      2.0557165962457655,
      2.0311614966392515,
      2.376319884061813,
      2.3861225342750547
    ],
    "test_acc": [
      13.34375,
      11.3125,
      26.125,
      30.625,
      33.75,
      38.9375,
      39.9375,
      41.71875,
      43.75,
      45.0625,
      45.5,
      46.09375,
      46.96875,
      47.65625,
      47.53125,
      47.4375,
      48.34375,
      49.59375,
      50.84375,
      50.28125,
      52.0,
      52.3125,
      52.375,
      52.71875,
      52.75,
      52.3125,
      50.90625,
      49.875,
      47.125,
      46.78125,
      47.25,
      48.71875,
      51.75,
      50.84375,
      51.21875
    ]
  }
}