{
  "config": {
    "run_name": "exp1_2_L8_L32",
    "out_dir": "./results",
    "seed": 1389876914,
    "bs_train": 128,
    "bs_test": 32,
    "batches": 100,
    "epochs": 100,
    "early_stopping": 7,
    "checkpoints": null,
    "lr": 0.001,
    "reg": 0.001,
    "filters_per_layer": [
      32
    ],
    "pool_every": 4.0,
    "hidden_dims": [
      100
    ],
    "ycn": false,
    "kw": {},
    "layers_per_block": 8
  },
  "results": {
    "num_epochs": 7,
    "train_loss": [
      2.3048047733306887,
      2.304498872756958,
      2.3042335510253906,
      2.3040011978149413,
      2.3037972402572633,
      2.303618335723877,
      2.3034639382362365,
      2.303328914642334
    ],
    "train_acc": [
      10.2109375,
      10.2109375,
      10.2109375,
      10.2109375,
      10.2109375,
      10.2109375,
      10.2109375,
      10.2109375
    ],
    "test_loss": [
      2.303862454891205,
      2.303642921447754,
      2.303454403877258,
      2.3032924199104308,
      2.3031531834602355,
      2.3030348372459413,
      2.302934033870697,
      2.3028471517562865
    ],
    "test_acc": [
      10.46875,
      10.46875,
      10.46875,
      10.46875,
      10.46875,
      10.46875,
      10.46875,
      10.46875
    ]
  }
}