{
  "config": {
    "run_name": "exp1_1_K64_L2",
    "out_dir": "./results",
    "seed": 1128979433,
    "bs_train": 128,
    "bs_test": 32,
    "batches": 100,
    "epochs": 100,
    "early_stopping": 7,
    "checkpoints": null,
    "lr": 0.001,
    "reg": 0.001,
    "filters_per_layer": [
      64
    ],
    "pool_every": 1.0,
    "hidden_dims": [
      100
    ],
    "ycn": false,
    "kw": {},
    "layers_per_block": 2
  },
  "results": {
    "num_epochs": 99,
    "train_loss": [
      2.29858021736145,
      2.2911951875686647,
      2.2831995415687563,
      2.2726919770240785,
      2.257779128551483,
      2.236208765506744,
      2.207210340499878,
      2.1739030361175535,
      2.1415251183509825,
      2.109891211986542,
      2.075085788965225,
      2.0376756942272185,
      2.003585708141327,
      1.9774630677700042,
      1.9585300874710083,
      1.9435438430309295,
      1.9304129230976104,
      1.918063143491745,
      1.9059351420402526,
      1.894136756658554,
      1.882378764152527,
      1.8704350984096527,
      1.858190723657608,
      1.8460571622848512,
      1.8335834276676177,
      1.8208968937397003,
      1.8078857088088989,
      1.794963480234146,
      1.7816022944450378,
      1.7679089546203612,
      1.7539681458473206,
      1.73978346824646,
      1.7253533518314361,
      1.7106915044784545,
      1.695777840614319,
      1.680760840177536,
      1.665971623659134,
      1.6514516949653626,
      1.6371109628677367,
      1.6229911756515503,
      1.6092559957504273,
      1.5961152386665345,
      1.5836210179328918,
      1.5716063427925109,
      1.5601553988456727,
      1.5493090891838073,
      1.5389544689655303,
      1.5288786745071412,
      1.5196572947502136,
      1.5104124760627746,
      1.5016166186332702,
      1.4929603278636931,
      1.4843584942817687,
      1.4760018837451936,
      1.467689232826233,
      1.4595427930355072,
      1.451401790380478,
      1.4433382058143616,
      1.4354310834407806,
      1.4276019430160523,
      1.4199280691146852,
      1.4121667873859405,
      1.404427353143692,
      1.3968131124973298,
      1.3895801198482514,
      1.3819803094863892,
      1.3746475398540496,
      1.3672198486328124,
      1.3601866364479065,
      1.3531583166122436,
      1.3460307323932648,
      1.3392095005512237,
      1.332723342180252,
      1.3257428729534149,
      1.319331899881363,
      1.3126133859157563,
      1.3063440072536467,
      1.3001936376094818,
      1.2940306210517882,
      1.2879825150966644,
      1.2819447565078734,
      1.2759166753292084,
      1.2698837566375731,
      1.263957153558731,
      1.2581166875362397,
      1.2523946285247802,
      1.24666032910347,
      1.2410266983509064,
      1.235562767982483,
      1.2298073875904083,
      1.2242671740055084,
      1.2188066387176513,
      1.2130194008350372,
      1.2074435830116272,
      1.2021573519706725,
      1.1968118649721147,
      1.1915665817260743,
      1.1857605105638505,
      1.1807516372203828,
      1.1752872651815414
    ],
    "train_acc": [
      13.4140625,
      14.4140625,
      13.296875,
      14.1875,
      16.921875,
      20.3125,
      22.4296875,
      24.0,
      25.03125,
      26.46875,
      27.875,
      28.46875,
      29.2578125,
      29.953125,
      30.65625,
      31.2109375,
      31.8046875,
      32.4140625,
      32.875,
      33.4609375,
      33.9375,
      34.578125,
      35.015625,
      35.5078125,
      35.8515625,
      36.3359375,
      36.71875,
      37.1171875,
      37.609375,
      38.2109375,
      38.640625,
      39.0625,
      39.484375,
      39.9609375,
      40.4765625,
      41.03125,
      41.390625,
      41.890625,
      42.390625,
      42.7578125,
      43.1328125,
      43.6015625,
      44.046875,
      44.3984375,
      44.8671875,
      45.171875,
      45.515625,
      45.8046875,
      46.28125,
      46.7265625,
      46.921875,
      47.3203125,
      47.515625,
      47.828125,
      47.9765625,
      48.390625,
      48.5234375,
      48.7578125,
      49.03125,
      49.3671875,
      49.5859375,
      49.9609375,
      50.171875,
      50.515625,
      50.734375,
      50.9921875,
      51.1953125,
      51.5546875,
      51.78125,
      52.0390625,
      52.203125,
      52.484375,
      52.6953125,
      53.078125,
      53.25,
      53.546875,
      53.7265625,
      53.984375,
      54.1484375,
      54.40625,
      54.7578125,
      54.8828125,
      55.15625,
      55.2734375,
      55.546875,
      55.6484375,
      55.859375,
      56.0625,
      56.28125,
      56.5546875,
      56.7109375,
      56.953125,
      57.1796875,
      57.4296875,
      57.6640625,
      57.984375,
      58.125,
      58.453125,
      58.65625,
      58.875
    ],
    "test_loss": [
      2.295406358242035,
      2.2880074334144593,
      2.278924250602722,
      2.266508002281189,
      2.2486045432090758,
      2.2232063245773315,
      2.1912226414680482,
      2.157706813812256,
      2.1262804114818574,
      2.093235113620758,
      2.0567460751533506,
      2.0213152980804443,
      1.9929609429836272,
      1.972269936800003,
      1.9567012906074523,
      1.9436966001987457,
      1.931285195350647,
      1.9197029757499695,
      1.9083102142810822,
      1.8966253840923308,
      1.8846300745010376,
      1.87247896194458,
      1.8603371727466582,
      1.8480528342723845,
      1.8357996785640716,
      1.8233250629901887,
      1.8110120725631713,
      1.7986597633361816,
      1.7859743738174438,
      1.7731034123897553,
      1.7597915291786195,
      1.7456884217262267,
      1.7316556310653686,
      1.7176432847976684,
      1.7029468619823456,
      1.6891780304908752,
      1.6768854713439942,
      1.6649931275844574,
      1.6531747806072234,
      1.6431278681755066,
      1.635626983642578,
      1.6277093029022216,
      1.619954718351364,
      1.6124468898773194,
      1.6043581175804138,
      1.5948811388015747,
      1.5862736105918884,
      1.5776166784763337,
      1.5689856445789336,
      1.5615213930606842,
      1.554779245853424,
      1.5483128011226654,
      1.5422832643985749,
      1.5336145269870758,
      1.5282176005840302,
      1.5214075934886933,
      1.5142251431941987,
      1.508890986442566,
      1.502876352071762,
      1.4978068733215333,
      1.493122717142105,
      1.4869727611541748,
      1.4797637534141541,
      1.473268290758133,
      1.4688072299957275,
      1.4615212881565094,
      1.4557677125930786,
      1.447915357351303,
      1.4436970496177672,
      1.4365155184268952,
      1.429871108531952,
      1.4230946052074431,
      1.4160714972019195,
      1.412831301689148,
      1.4061185836791992,
      1.4007090365886687,
      1.3952311432361604,
      1.392032072544098,
      1.387043651342392,
      1.3821568238735198,
      1.3775958275794984,
      1.3735425138473512,
      1.368490755558014,
      1.364510115981102,
      1.3598999238014222,
      1.355113108754158,
      1.350924562215805,
      1.3461617523431777,
      1.342076191306114,
      1.3377401012182235,
      1.3337893724441527,
      1.329486352801323,
      1.3257224118709565,
      1.3223916918039322,
      1.3193628323078155,
      1.3163044458627702,
      1.3131285274028779,
      1.3096592277288437,
      1.306133890748024,
      1.3029881888628005
    ],