{
  "config": {
    "run_name": "exp1_1_K64_L8",
    "out_dir": "./results",
    "seed": 1017682121,
    "bs_train": 128,
    "bs_test": 32,
    "batches": 100,
    "epochs": 100,
    "early_stopping": 7,
    "checkpoints": null,
    "lr": 0.001,
    "reg": 0.001,
    "filters_per_layer": [
      64
    ],
    "pool_every": 4.0,
    "hidden_dims": [
      100
    ],
    "ycn": false,
    "kw": {},
    "layers_per_block": 8
  },
  "results": {
    "num_epochs": 7,
    "train_loss": [
      2.304424533843994,
      2.3041493582725523,
      2.3039123225212097,
      2.30370977640152,
      2.3035337638854982,
      2.303380260467529,
      2.3032469153404236,
      2.303130705356598
    ],
    "train_acc": [
      10.0078125,
      10.0078125,
      10.0078125,
      10.0078125,
      10.0078125,
      10.0078125,
      10.0078125,
      10.0078125
    ],
    "test_loss": [
      2.3044265723228454,
      2.3041760396957396,
      2.303962106704712,
      2.303777618408203,
      2.3036166286468505,
      2.3034769892692566,
      2.303355829715729,
      2.303249773979187
    ],
    "test_acc": [
      9.65625,
      9.65625,
      9.65625,
      9.65625,
      9.65625,
      9.65625,
      9.65625,
      9.65625
    ]
  }
}