{
  "config": {
    "run_name": "exp1_1_K32_L2",
    "out_dir": "./results",
    "seed": 42,
    "bs_train": 128,
    "bs_test": 32,
    "batches": 100,
    "epochs": 100,
    "early_stopping": 5,
    "checkpoints": null,
    "lr": 0.001,
    "reg": 0.001,
    "filters_per_layer": [
      32
    ],
    "pool_every": 1,
    "hidden_dims": [
      100
    ],
    "ycn": false,
    "kw": {},
    "layers_per_block": 2
  },
  "results": {
    "num_epochs": 99,
    "train_loss": [
      2.304789524078369,
      2.3023282861709595,
      2.3005755043029783,
      2.2988436675071715,
      2.2969294428825378,
      2.2946529746055604,
      2.2918335962295533,
      2.2882193899154664,
      2.283417398929596,
      2.2767994022369384,
      2.267208216190338,
      2.253054118156433,
      2.231460700035095,
      2.1985688400268555,
      2.1527319407463072,
      2.1006503176689146,
      2.0560091280937196,
      2.025548814535141,
      2.005514283180237,
      1.9910129356384276,
      1.9792873334884644,
      1.9687044739723205,
      1.9586311841011048,
      1.948644118309021,
      1.9385801005363463,
      1.9282756328582764,
      1.9177391505241395,
      1.9068058907985688,
      1.895479199886322,
      1.883896609544754,
      1.8719280815124513,
      1.8598050916194915,
      1.84751953125,
      1.8352375638484955,
      1.8228883993625642,
      1.8106097531318666,
      1.7983390498161316,
      1.7860366821289062,
      1.7737049746513367,
      1.7611421537399292,
      1.7483948278427124,
      1.735388423204422,
      1.7222659277915955,
      1.7089274978637696,
      1.6952677750587464,
      1.6815974009037018,
      1.6677711379528046,
      1.6540558683872222,
      1.6404149687290193,
      1.6269552278518677,
      1.6138008856773376,
      1.6009864675998688,
      1.5887120318412782,
      1.5772133231163026,
      1.5660595548152925,
      1.5556430506706238,
      1.5457727098464966,
      1.5364366734027863,
      1.5277292490005494,
      1.519290211200714,
      1.5110747563838958,
      1.5034126186370849,
      1.4960555124282837,
      1.4889960038661956,
      1.4819919216632842,
      1.4752383303642274,
      1.4685837078094481,
      1.4621501052379609,
      1.4557728266716004,
      1.4495567786693573,
      1.4434158146381377,
      1.4372875165939332,
      1.4311843407154083,
      1.4250185585021973,
      1.4189633321762085,
      1.4128540062904358,
      1.4067323315143585,
      1.4008512830734252,
      1.3947549438476563,
      1.3885794687271118,
      1.3828093945980071,
      1.376802613735199,
      1.37090381026268,
      1.365030869245529,
      1.359075447320938,
      1.3529736292362213,
      1.3473239195346833,
      1.3413323593139648,
      1.3356305360794067,
      1.3301182997226715,
      1.3244210410118102,
      1.3189538300037384,
      1.313695740699768,
      1.3084527134895325,
      1.3031343531608581,
      1.297894229888916,
      1.2925468409061431,
      1.2874625468254088,
      1.282775433063507,
      1.2776455080509186
    ],
    "train_acc": [
      10.3515625,
      10.3515625,
      10.3515625,
      10.4375,
      10.921875,
      12.5,
      15.421875,
      18.6796875,
      20.9375,
      21.703125,
      21.9453125,
      22.2421875,
      22.9609375,
      23.8515625,
      24.5078125,
      25.5234375,
      26.515625,
      27.2578125,
      27.5703125,
      28.1328125,
      28.6953125,
      29.2421875,
      29.7421875,
      30.2421875,
      30.6875,
      31.1953125,
      31.828125,
      32.3515625,
      32.7890625,
      33.390625,
      33.890625,
      34.515625,
      35.1484375,
      35.6328125,
      36.109375,
      36.5078125,
      36.9609375,
      37.421875,
      37.875,
      38.265625,
      38.65625,
      39.1484375,
      39.59375,
      39.953125,
      40.3125,
      40.90625,
      41.375,
      41.90625,
      42.3046875,
      42.7109375,
      43.1953125,
      43.625,
      44.21875,
      44.5078125,
      44.921875,
      45.140625,
      45.484375,
      45.6796875,
      45.8671875,
      46.0859375,
      46.3828125,
      46.5078125,
      46.765625,
      47.140625,
      47.3203125,
      47.6171875,
      47.8515625,
      48.0703125,
      48.375,
      48.5703125,
      48.7265625,
      49.046875,
      49.2109375,
      49.5234375,
      49.7890625,
      49.9921875,
      50.25,
      50.3828125,
      50.5078125,
      50.765625,
      50.8203125,
      51.0703125,
      51.2421875,
      51.59375,
      51.78125,
      52.0859375,
      52.234375,
      52.421875,
      52.5625,
      52.796875,
      52.9453125,
      53.1015625,
      53.3671875,
      53.5,
      53.7890625,
      53.9375,
      54.125,
      54.2109375,
      54.390625,
      54.5546875
    ],
    "test_loss": [
      2.3038391494750976,
      2.3018543124198914,
      2.3001007771492006,
      2.2982612252235413,
      2.2961622643470765,
      2.2936029553413393,
      2.2903928780555725,
      2.286223177909851,
      2.2806097579002382,
      2.2727486300468445,
      2.2611441135406496,
      2.243950822353363,
      2.217495279312134,
      2.178216836452484,
      2.1277435314655304,
      2.077985680103302,
      2.0410693073272705,
      2.0173275911808015,
      2.0011347162723543,
      1.9887531328201293,
      1.9780662286281585,
      1.9680867958068848,
      1.9583368003368378,
      1.9487984490394592,
      1.9391840255260469,
      1.9293180561065675,
      1.919282352924347,
      1.9090546095371246,
      1.8985163259506226,
      1.8877690076828002,
      1.8766287100315093,
      1.8651485133171082,
      1.8531213521957397,
      1.840229970216751,
      1.827450407743454,
      1.8144176471233369,
      1.8015037214756011,
      1.7889113104343415,
      1.7761982142925263,
      1.7640263509750367,
      1.7516136837005616,
      1.7392246067523955,
      1.7269574546813964,
      1.7140070438385009,
      1.7013683891296387,
      1.6890628135204315,
      1.6767166471481323,
      1.6646056985855102,
      1.6533171665668487,
      1.6429578602313994,
      1.6328242743015289,
      1.6231135725975037,
      1.6146149480342864,
      1.6071720695495606,
      1.5999467396736144,
      1.590587546825409,
      1.5833203208446502,
      1.577142528295517,
      1.5690951669216155,
      1.5626790833473205,
      1.5570572292804719,
      1.5511132729053498,
      1.5455264914035798,
      1.54050724029541,
      1.5353052818775177,
      1.528114527463913,
      1.5217103779315948,
      1.5166898846626282,
      1.5116959190368653,
      1.5077440667152404,
      1.5033765828609467,
      1.4985112512111665,
      1.4916685903072358,
      1.4846834135055542,
      1.4793538987636565,
      1.4743828308582305,
      1.4697124862670898,
      1.4643926048278808,
      1.4597727382183074,
      1.4545064377784729,
      1.4485288786888122,
      1.443069703578949,
      1.437851731777191,
      1.4331782948970795,
      1.4271247291564941,
      1.4221221244335174,
      1.4164422249794006,
      1.4118634784221649,
      1.4069378685951233,
      1.4019927978515625,
      1.3963527703285217,
      1.3926135981082917,
      1.3882943153381349,
      1.3843417704105376,
      1.3798098146915436,
      1.3750763297080995,
      1.3709761250019072,
      1.3674294877052307,
      1.3637936913967132,
      1.3602485299110412
    ],