{
  "config": {
    "run_name": "exp1_1_K64_L16",
    "out_dir": "./results2",
    "seed": 1227149767,
    "bs_train": 128,
    "bs_test": 32,
    "batches": 100,
    "epochs": 150,
    "early_stopping": 7,
    "checkpoints": null,
    "lr": 0.003,
    "reg": 0.001,
    "filters_per_layer": [
      64
    ],
    "pool_every": 8.0,
    "hidden_dims": [
      100
    ],
    "ycn": false,
    "kw": {},
    "layers_per_block": 16
  },
  "results": {
    "num_epochs": 9,
    "train_loss": [
      2.3045412254333497,
      2.303779032230377,
      2.303305685520172,
      2.302987885475159,
      2.30277489900589,
      2.3026344895362856,
      2.3025427889823913,
      2.302481553554535,
      2.3024413847923277,
      2.3024150729179382
    ],
    "train_acc": [
      9.78125,
      9.78125,
      9.984375,
      10.3515625,
      10.3515625,
      10.3515625,
      10.3515625,
      10.3515625,
      10.3515625,
      10.3515625
    ],
    "test_loss": [
      2.3040407276153565,
      2.303483695983887,
      2.3031182289123535,
      2.3028779649734497,
      2.3027228021621706,
      2.3026248383522034,
      2.3025651216506957,
      2.302528998851776,
      2.3025082111358643,
      2.302497012615204
    ],
    "test_acc": [
      9.75,
      9.75,
      10.125,
      10.125,
      10.125,
      10.125,
      10.125,
      10.125,
      10.125,
      10.125
    ]
  }
}