{
  "config": {
    "run_name": "exp1_2_L4_L258",
    "out_dir": "./results",
    "seed": 1314247668,
    "bs_train": 128,
    "bs_test": 32,
    "batches": 100,
    "epochs": 100,
    "early_stopping": 7,
    "checkpoints": null,
    "lr": 0.001,
    "reg": 0.001,
    "filters_per_layer": [
      258
    ],
    "pool_every": 2.0,
    "hidden_dims": [
      100
    ],
    "ycn": false,
    "kw": {},
    "layers_per_block": 4
  },
  "results": {
    "num_epochs": 82,
    "train_loss": [
      2.3038322162628173,
      2.302488901615143,
      2.300984864234924,
      2.2989576125144957,
      2.2958865475654604,
      2.290889070034027,
      2.2821709942817687,
      2.264678854942322,
      2.2260575461387635,
      2.1806790399551392,
      2.1582259798049925,
      2.136658020019531,
      2.1004449224472044,
      2.0358469128608703,
      1.9811632883548738,
      1.9546166360378265,
      1.9341107165813447,
      1.9147066473960876,
      1.8953356456756592,
      1.8758395981788636,
      1.8561290609836578,
      1.8370306515693664,
      1.817465628385544,
      1.7983921575546264,
      1.780269182920456,
      1.762159113883972,
      1.7437217354774475,
      1.7252230370044708,
      1.707087767124176,
      1.6893720102310181,
      1.6709570252895356,
      1.6530807423591614,
      1.6346693885326387,
      1.617344592809677,
      1.599330712556839,
      1.5816233825683594,
      1.5643083620071412,
      1.5487450897693633,
      1.5331813395023346,
      1.5174189960956574,
      1.5020692920684815,
      1.4870593571662902,
      1.4726849210262298,
      1.4588456857204437,
      1.4452253806591033,
      1.4310108053684234,
      1.4179001688957213,
      1.4052116143703461,
      1.3922714793682098,
      1.3801031947135924,
      1.3688918042182923,
      1.3571195638179778,
      1.3463581943511962,
      1.3346474945545197,
      1.3238533449172973,
      1.3123033928871155,
      1.3011618280410766,
      1.2894928967952728,
      1.278796501159668,
      1.267971875667572,
      1.2564752388000489,
      1.245191844701767,
      1.2333125150203705,
      1.221843855381012,
      1.211226372718811,
      1.199375495314598,
      1.1882098239660264,
      1.1765985572338105,
      1.1651054620742798,
      1.1536070215702057,
      1.1431428146362306,
      1.1314475256204606,
      1.1204123121500016,
      1.1092439407110215,
      1.0974307823181153,
      1.0858408850431442,
      1.0738268887996674,
      1.061821196079254,
      1.0491139447689057,
      1.0376205772161484,
      1.0251467674970627,
      1.0129943132400512,
      0.9999825704097748
    ],
    "train_acc": [
      9.78125,
      9.78125,
      9.78125,
      9.8828125,
      12.359375,
      11.71875,
      10.375,
      12.078125,
      17.7734375,
      20.0703125,
      21.390625,
      23.0078125,
      25.453125,
      28.0078125,
      29.5,
      30.3671875,
      31.0,
      31.8671875,
      32.65625,
      33.609375,
      34.25,
      34.9453125,
      35.6328125,
      36.2890625,
      36.9921875,
      37.671875,
      38.28125,
      39.0390625,
      39.7578125,
      40.3203125,
      41.03125,
      41.78125,
      42.3359375,
      42.9453125,
      43.4140625,
      44.0546875,
      44.6171875,
      45.3125,
      46.078125,
      46.484375,
      47.0625,
      47.4609375,
      47.9921875,
      48.609375,
      49.2109375,
      49.4921875,
      50.125,
      50.5078125,
      50.890625,
      51.390625,
      51.78125,
      52.203125,
      52.5546875,
      53.15625,
      53.34375,
      53.90625,
      54.234375,
      54.5546875,
      54.8359375,
      55.2578125,
      55.625,
      56.2109375,
      56.3984375,
      56.8828125,
      57.296875,
      57.6875,
      58.21875,
      58.453125,
      58.9375,
      59.5,
      59.828125,
      60.3671875,
      60.8203125,
      61.1484375,
      61.6328125,
      62.1328125,
      62.609375,
      62.9140625,
      63.328125,
      63.671875,
      64.0859375,
      64.796875,
      65.296875
    ],
    "test_loss": [
      2.3035065293312074,
      2.302146010398865,
      2.300434641838074,
      2.2979753756523134,
      2.2940871953964233,
      2.28765034198761,
      2.2759698462486266,
      2.2504301047325135,
      2.2005149698257447,
      2.169575408697128,
      2.15049723982811,
      2.124238990545273,
      2.0739566576480866,
      2.002906033992767,
      1.9674084985256195,
      1.9451379346847535,
      1.9235930955410003,
      1.9007573127746582,
      1.8804489529132844,
      1.8599931168556214,
      1.840091528892517,
      1.8196872079372406,
      1.800374927520752,
      1.7818409073352814,
      1.762799756526947,
      1.744423440694809,
      1.7269908380508423,
      1.7092002964019775,
      1.6927349996566772,
      1.6789949285984038,
      1.6645394694805145,
      1.6500651407241822,
      1.6366603302955627,
      1.6235820317268372,
      1.6089478170871734,
      1.5957477569580079,
      1.5851973581314087,
      1.5711397862434386,
      1.561145898103714,
      1.5470335590839386,
      1.5327375161647796,
      1.5201862251758576,
      1.510088951587677,
      1.4988702964782714,
      1.4880338251590728,
      1.4795168769359588,
      1.4701329898834228,
      1.4591027915477752,
      1.450549783706665,
      1.444188244342804,
      1.4373417818546295,
      1.4319920551776886,
      1.4255555772781372,
      1.4205492913722992,
      1.4163974702358246,
      1.4132070219516755,
      1.407070006132126,
      1.4047481834888458,
      1.398727308511734,
      1.3972700762748718,
      1.3952946746349335,
      1.3887051165103912,
      1.3874766063690185,
      1.3837027311325074,
      1.3805985754728318,
      1.3788237935304641,
      1.3761540704965591,
      1.376460891366005,
      1.3742861318588258,
      1.3751330822706223,
      1.377246634364128,
      1.3728916317224502,
      1.373089644908905,
      1.3769276767969132,
      1.379842964410782,
      1.3794222152233124,
      1.381502239704132,
      1.384877673983574,
      1.38909038066864,
      1.3945069587230683,
      1.3930313718318938,
      1.3940686851739883,
      1.4030743223428725
    ],
    "test_acc": [
      9.75,
      9.75,
      9.75,
      10.3125,
      13.78125,
      10.28125,
      10.0625,
      14.5625,
      19.625,
      21.78125,
      23.28125,
      25.375,
      28.78125,
      29.5625,
      30.1875,
      31.0,
      32.0,
      32.71875,
      33.71875,
      34.875,
      35.65625,
      36.5,
      37.21875,
      37.84375,
      38.28125,
      38.5625,
      39.375,
      40.0625,
      40.25,
      41.0,
      41.375,
      41.75,
      42.3125,
      43.15625,
      43.375,
      43.90625,
      44.65625,
      44.5625,
      44.84375,
      45.46875,
      45.84375,
      46.15625,
      46.5,
      46.78125,
      47.0625,
      47.625,
      47.875,
      48.375,
      49.125,
      49.21875,
      49.59375,
      50.09375,
      50.09375,
      50.25,
      50.5,
      50.53125,
      50.5625,
      50.90625,
      51.0625,
      51.0625,
      51.3125,
      51.28125,
      51.625,
      51.75,
      51.5,
      51.625,
      51.96875,
      51.90625,
      52.34375,
      52.25,
      52.34375,
      52.5625,
      52.625,
      52.25,
      52.5625,
      52.71875,
      52.34375,
      52.34375,
      52.3125,
      52.34375,
      52.40625,
      52.59375,
      52.59375
    ]
  }
}