{
  "config": {
    "run_name": "exp1_2_L2_L64",
    "out_dir": "./results",
    "seed": 53125695,
    "bs_train": 128,
    "bs_test": 32,
    "batches": 100,
    "epochs": 100,
    "early_stopping": 7,
    "checkpoints": null,
    "lr": 0.001,
    "reg": 0.001,
    "filters_per_layer": [
      64
    ],
    "pool_every": 1.0,
    "hidden_dims": [
      100
    ],
    "ycn": false,
    "kw": {},
    "layers_per_block": 2
  },
  "results": {
    "num_epochs": 99,
    "train_loss": [
      2.3013401460647582,
      2.2966722726821898,
      2.2916554856300353,
      2.2854037165641783,
      2.2770462250709533,
      2.2650880002975464,
      2.247350811958313,
      2.22145254611969,
      2.185611946582794,
      2.141986622810364,
      2.0973557233810425,
      2.057748281955719,
      2.025731317996979,
      2.000961660146713,
      1.9815983486175537,
      1.965597653388977,
      1.9513060605525971,
      1.9375278282165527,
      1.923818781375885,
      1.9097847712039948,
      1.895209766626358,
      1.880409344434738,
      1.865340882539749,
      1.8498754119873047,
      1.8342843568325042,
      1.8183166074752808,
      1.8021060013771057,
      1.7857134675979613,
      1.7693207097053527,
      1.7529064548015594,
      1.7365915441513062,
      1.72031902551651,
      1.7042010974884034,
      1.688686637878418,
      1.673535044193268,
      1.6590228760242463,
      1.6451380348205566,
      1.631871166229248,
      1.6191835510730743,
      1.6070071351528168,
      1.5954321658611297,
      1.5843917214870453,
      1.5739204680919647,
      1.56380468249321,
      1.554188584089279,
      1.5450425505638123,
      1.5362968480587005,
      1.5277799427509309,
      1.5196199417114258,
      1.5117830967903136,
      1.5041617619991303,
      1.4966343200206758,
      1.4893979716300965,
      1.482643369436264,
      1.4758845114707946,
      1.4691810739040374,
      1.4625383508205414,
      1.4561088716983794,
      1.4496588981151581,
      1.443257395029068,
      1.4369230949878693,
      1.4304265153408051,
      1.423887130022049,
      1.417376868724823,
      1.410912606716156,
      1.4045849764347076,
      1.3979183864593505,
      1.3913662040233612,
      1.3847546827793122,
      1.3784803831577301,
      1.3718642747402192,
      1.3649400115013122,
      1.358546952009201,
      1.351953113079071,
      1.34533167719841,
      1.3387903201580047,
      1.3322156178951263,
      1.3256405293941498,
      1.3190813970565796,
      1.3126595044136047,
      1.3061398243904114,
      1.2998651194572448,
      1.2935081732273102,
      1.2871492731571197,
      1.2810852336883545,
      1.2746405339241027,
      1.2685243439674379,
      1.262470885515213,
      1.2566775965690613,
      1.2505792319774627,
      1.244899091720581,
      1.2391992962360383,
      1.233642258644104,
      1.227843360900879,
      1.222316136956215,
      1.216699389219284,
      1.2113374644517898,
      1.2060160714387893,
      1.2004468858242034,
      1.1950611281394958
    ],
    "train_acc": [
      9.640625,
      11.125,
      15.28125,
      20.703125,
      21.125,
      20.921875,
      21.4296875,
      22.453125,
      23.46875,
      24.671875,
      25.953125,
      27.0546875,
      28.0546875,
      28.828125,
      29.1953125,
      30.0703125,
      30.78125,
      31.484375,
      32.1328125,
      32.78125,
      33.4453125,
      34.1171875,
      34.7890625,
      35.515625,
      35.96875,
      36.4765625,
      37.0,
      37.5625,
      38.171875,
      38.6640625,
      39.0859375,
      39.59375,
      40.0390625,
      40.6796875,
      41.140625,
      41.578125,
      42.203125,
      42.6171875,
      42.9453125,
      43.2890625,
      43.6328125,
      43.8984375,
      44.390625,
      44.6640625,
      45.0859375,
      45.34375,
      45.7265625,
      46.0234375,
      46.2109375,
      46.5234375,
      46.78125,
      47.109375,
      47.3359375,
      47.4296875,
      47.7421875,
      48.09375,
      48.3203125,
      48.59375,
      48.7421875,
      48.9609375,
      49.125,
      49.3359375,
      49.6171875,
      49.8125,
      49.96875,
      50.328125,
      50.546875,
      50.8203125,
      51.1171875,
      51.2109375,
      51.515625,
      51.6953125,
      51.8828125,
      52.203125,
      52.421875,
      52.7109375,
      52.9140625,
      53.140625,
      53.34375,
      53.5390625,
      53.78125,
      53.9765625,
      54.2421875,
      54.4765625,
      54.6328125,
      54.7421875,
      54.90625,
      55.09375,
      55.3359375,
      55.5,
      55.734375,
      55.9921875,
      56.15625,
      56.5546875,
      56.765625,
      56.9453125,
      57.1640625,
      57.4375,
      57.5546875,
      57.8984375
    ],
    "test_loss": [
      2.2993098378181456,
      2.2946954226493834,
      2.289266448020935,
      2.282256247997284,
      2.272584457397461,
      2.2584115147590635,
      2.2375805258750914,
      2.2076279640197756,
      2.167966916561127,
      2.1238496530056,
      2.0821188282966614,
      2.0467399060726166,
      2.0188815462589265,
      1.9975882720947267,
      1.9807689666748047,
      1.9660164070129396,
      1.9521957039833069,
      1.9388036298751832,
      1.9254213273525238,
      1.9115178167819977,
      1.896963984966278,
      1.8818569719791411,
      1.866123570203781,
      1.8497289788722993,
      1.8328586053848266,
      1.8162619972229004,
      1.799856915473938,
      1.7840577459335327,
      1.7682478952407836,
      1.7528635096549987,
      1.7377135741710663,
      1.7228300333023072,
      1.708988904953003,
      1.6955117213726043,
      1.683124576807022,
      1.6723067009449004,
      1.6625802505016327,
      1.6524781334400176,
      1.643010481595993,
      1.6338744902610778,
      1.6252237105369567,
      1.6171370589733123,
      1.6085453093051911,
      1.6004786312580108,
      1.5931941628456117,
      1.5863919723033906,
      1.5799733746051787,
      1.572750985622406,
      1.565649492740631,
      1.5580862188339233,
      1.5517646515369414,
      1.5450499606132508,
      1.5397784078121186,
      1.5334889554977418,
      1.5279648995399475,
      1.5218316555023192,
      1.5167235434055328,
      1.5102364885807038,
      1.5052792942523956,
      1.499275702238083,
      1.4945055413246155,
      1.4895703780651093,
      1.4835972118377685,
      1.4787288415431976,
      1.4727695453166962,
      1.4679824090003968,
      1.4619625890254975,
      1.455451387166977,
      1.451150039434433,
      1.4450568771362304,
      1.439426770210266,
      1.4339139759540558,
      1.428831785917282,
      1.42423455119133,
      1.4184517180919647,
      1.4128248810768127,
      1.4074609231948854,
      1.4030949568748474,
      1.3977642512321473,
      1.392460242509842,
      1.3865529525279998,
      1.3820878422260285,
      1.376796112060547,
      1.371394619345665,
      1.3671114557981492,
      1.363716275691986,
      1.3592646354436875,
      1.3546881943941116,
      1.3506758338212967,
      1.347397603392601,
      1.3438657861948013,
      1.34058837890625,
      1.3370440632104874,
      1.333267457485199,
      1.3302548390626907,
      1.327346203327179,
      1.3243034380674361,
      1.32229449570179,
      1.3185921025276184,
      1.316272246837616
    ],