{
  "config": {
    "run_name": "exp1_1_K64_L16",
    "out_dir": "./results",
    "seed": 42,
    "bs_train": 128,
    "bs_test": 32,
    "batches": 100,
    "epochs": 100,
    "early_stopping": 5,
    "checkpoints": null,
    "lr": 0.001,
    "reg": 0.001,
    "filters_per_layer": [
      64
    ],
    "pool_every": 8,
    "hidden_dims": [
      100
    ],
    "ycn": false,
    "kw": {},
    "layers_per_block": 16
  },
  "results": {
    "num_epochs": 10,
    "train_loss": [
      2.304463164806366,
      2.304193150997162,
      2.3039580392837524,
      2.303756206035614,
      2.3035832929611204,
      2.3034323954582216,
      2.3032993054389954,
      2.303181834220886,
      2.3030781173706054,
      2.3029872226715087,
      2.3029071640968324
    ],
    "train_acc": [
      9.78125,
      9.78125,
      9.78125,
      9.78125,
      9.78125,
      9.9453125,
      10.15625,
      10.15625,
      10.15625,
      10.15625,
      10.15625
    ],
    "test_loss": [
      2.303896999359131,
      2.303686101436615,
      2.303505120277405,
      2.3033518266677855,
      2.3032189798355103,
      2.303104050159454,
      2.3030044651031494,
      2.302917995452881,
      2.302843379974365,
      2.30277822971344,
      2.3027223348617554
    ],
    "test_acc": [
      9.75,
      9.75,
      9.75,
      9.75,
      9.75,
      9.84375,
      9.84375,
      9.84375,
      9.84375,
      9.84375,
      9.84375
    ]
  }
}