{
  "config": {
    "run_name": "exp1_1_K32_L16",
    "out_dir": "./results",
    "seed": 1056252521,
    "bs_train": 128,
    "bs_test": 32,
    "batches": 100,
    "epochs": 200,
    "early_stopping": 10,
    "checkpoints": null,
    "lr": 0.01,
    "reg": 0.001,
    "filters_per_layer": [
      32
    ],
    "pool_every": 8,
    "hidden_dims": [
      100
    ],
    "ycn": false,
    "kw": {},
    "layers_per_block": 16
  },
  "results": {
    "num_epochs": 10,
    "train_loss": [
      2.303575668334961,
      2.302714352607727,
      2.302528214454651,
      2.302490916252136,
      2.3024829816818237,
      2.302482054233551,
      2.302481815814972,
      2.302481429576874,
      2.3024809908866883,
      2.3024801135063173,
      2.3024793124198912
    ],
    "train_acc": [
      10.2109375,
      10.2109375,
      9.9453125,
      10.2109375,
      10.3515625,
      10.3515625,
      10.3515625,
      10.3515625,
      10.3515625,
      10.3515625,
      10.3515625
    ],
    "test_loss": [
      2.3031067276000976,
      2.302698800563812,
      2.302599503993988,
      2.3025750803947447,
      2.3025692772865294,
      2.3025676512718203,
      2.3025674057006835,
      2.302567286491394,
      2.302566864490509,
      2.302566442489624,
      2.302565987110138
    ],
    "test_acc": [
      10.46875,
      10.46875,
      10.125,
      10.125,
      10.125,
      10.125,
      10.125,
      10.125,
      10.125,
      10.125,
      10.125
    ]
  }
}