{
  "config": {
    "run_name": "exp1_1_K32_L4",
    "out_dir": "./results",
    "seed": 790631557,
    "bs_train": 128,
    "bs_test": 32,
    "batches": 100,
    "epochs": 200,
    "early_stopping": 10,
    "checkpoints": null,
    "lr": 0.01,
    "reg": 0.001,
    "filters_per_layer": [
      32
    ],
    "pool_every": 2,
    "hidden_dims": [
      100
    ],
    "ycn": false,
    "kw": {},
    "layers_per_block": 4
  },
  "results": {
    "num_epochs": 32,
    "train_loss": [
      2.3029014611244203,
      2.2968432760238646,
      2.238210575580597,
      2.0566179943084717,
      1.961174887418747,
      1.8816143333911897,
      1.7926870441436769,
      1.723168054819107,
      1.6587593626976014,
      1.6001880395412444,
      1.548629630804062,
      1.5053651142120361,
      1.4652631413936614,
      1.4204744124412536,
      1.3762901723384857,
      1.3304845547676087,
      1.2827257907390595,
      1.234512083530426,
      1.184966477751732,
      1.1405787342786788,
      1.0864830285310745,
      1.0322342705726624,
      0.9797178876399993,
      0.9454693990945816,
      0.8969174653291703,
      0.8229758846759796,
      0.7633468872308731,
      0.7364840197563172,
      0.7211123734712601,
      0.6565735283493995,
      0.6194602724909782,
      0.5506495189666748,
      0.50688043653965
    ],
    "train_acc": [
      10.3203125,
      10.796875,
      15.2578125,
      25.984375,
      29.140625,
      31.984375,
      35.640625,
      38.3359375,
      40.734375,
      43.1640625,
      45.359375,
      46.8671875,
      48.03125,
      49.6953125,
      51.2734375,
      52.4765625,
      53.8828125,
      55.359375,
      57.5078125,
      59.3984375,
      61.46875,
      63.296875,
      65.0859375,
      66.0,
      68.0859375,
      71.1171875,
      73.4921875,
      74.2890625,
      74.296875,
      76.7578125,
      77.8671875,
      80.6015625,
      81.9140625
    ],
    "test_loss": [
      2.3009168767929076,
      2.287133209705353,
      2.152405059337616,
      2.0806464672088625,
      1.9093151128292083,
      1.8270361328125,
      1.7650664365291595,
      1.719725468158722,
      1.6598041772842407,
      1.6142360472679138,
      1.594933614730835,
      1.5830725967884063,
      1.5612048208713531,
      1.5190909862518311,
      1.4930742478370667,
      1.4704595589637757,
      1.4619480431079865,
      1.464489980340004,
      1.4619506299495697,
      1.429433481693268,
      1.427497524023056,
      1.4361866295337677,
      1.4560772728919984,
      1.4820174705982208,
      1.580505513548851,
      1.7872585296630858,
      1.9387492084503173,
      1.9320912837982178,
      1.8821447402238847,
      1.9808886122703553,
      2.1214127230644224,
      2.3164151167869567,
      2.439699106812477
    ],
    "test_acc": [
      11.65625,
      10.09375,
      24.09375,
      27.4375,
      32.28125,
      35.4375,
      36.6875,
      38.625,
      40.90625,
      42.0625,
      43.6875,
      44.875,
      45.75,
      47.1875,
      48.125,
      48.5625,
      49.6875,
      49.5,
      49.875,
      50.59375,
      51.28125,
      51.46875,
      52.1875,
      51.96875,
      50.96875,
      49.0,
      48.125,
      47.9375,
      47.03125,
      46.84375,
      47.9375,
      49.125,
      49.96875
    ]
  }
}