{
  "config": {
    "run_name": "exp1_1_K64_L4",
    "out_dir": "./results",
    "seed": 42,
    "bs_train": 128,
    "bs_test": 32,
    "batches": 100,
    "epochs": 100,
    "early_stopping": 5,
    "checkpoints": null,
    "lr": 0.001,
    "reg": 0.001,
    "filters_per_layer": [
      64
    ],
    "pool_every": 2,
    "hidden_dims": [
      100
    ],
    "ycn": false,
    "kw": {},
    "layers_per_block": 4
  },
  "results": {
    "num_epochs": 5,
    "train_loss": [
      2.3037915325164793,
      2.303385519981384,
      2.3030219745635985,
      2.3026786971092226,
      2.3023298501968386,
      2.301950454711914
    ],
    "train_acc": [
      9.6953125,
      9.6953125,
      9.6953125,
      9.6953125,
      9.6953125,
      9.6953125
    ],
    "test_loss": [
      2.302994031906128,
      2.3026650953292847,
      2.3023631024360656,
      2.3020635557174685,
      2.301746518611908,
      2.3013712215423583
    ],
    "test_acc": [
      10.21875,
      10.21875,
      10.21875,
      10.21875,
      10.21875,
      10.21875
    ]
  }
}