{
  "config": {
    "run_name": "exp1_1_K64_L8",
    "out_dir": "./results",
    "seed": 1722710869,
    "bs_train": 128,
    "bs_test": 32,
    "batches": 100,
    "epochs": 200,
    "early_stopping": 10,
    "checkpoints": null,
    "lr": 0.01,
    "reg": 0.001,
    "filters_per_layer": [
      64
    ],
    "pool_every": 4,
    "hidden_dims": [
      100
    ],
    "ycn": false,
    "kw": {},
    "layers_per_block": 8
  },
  "results": {
    "num_epochs": 10,
    "train_loss": [
      2.3034271001815796,
      2.3027343225479124,
      2.302545335292816,
      2.3024912333488463,
      2.3024743461608885,
      2.302469789981842,
      2.3024681997299195,
      2.3024673104286193,
      2.302466559410095,
      2.3024659252166746,
      2.3024652791023255
    ],
    "train_acc": [
      9.984375,
      10.3515625,
      10.3515625,
      10.3515625,
      10.3515625,
      10.3515625,
      10.3515625,
      10.3515625,
      10.3515625,
      10.3515625,
      10.3515625
    ],
    "test_loss": [
      2.3028572607040405,
      2.3026038455963134,
      2.3025507712364197,
      2.302544391155243,
      2.3025497341156007,
      2.3025547528266905,
      2.3025578904151915,
      2.30255961894989,
      2.3025604772567747,
      2.3025604581832884,
      2.3025606894493102
    ],
    "test_acc": [
      10.125,
      10.125,
      10.125,
      10.125,
      10.125,
      10.125,
      10.125,
      10.125,
      10.125,
      10.125,
      10.125
    ]
  }
}