{
  "config": {
    "run_name": "exp1_1_K32_L6",
    "out_dir": "./results",
    "seed": 523804983,
    "bs_train": 128,
    "bs_test": 32,
    "batches": 100,
    "epochs": 100,
    "early_stopping": 7,
    "checkpoints": null,
    "lr": 0.001,
    "reg": 0.001,
    "filters_per_layer": [
      32
    ],
    "pool_every": 3.0,
    "hidden_dims": [
      100
    ],
    "ycn": false,
    "kw": {},
    "layers_per_block": 6
  },
  "results": {
    "num_epochs": 10,
    "train_loss": [
      2.3026966190338136,
      2.302633113861084,
      2.302580237388611,
      2.3025348806381225,
      2.3024964547157287,
      2.302463674545288,
      2.302433874607086,
      2.302410171031952,
      2.302389657497406,
      2.302371928691864,
      2.3023565936088564
    ],
    "train_acc": [
      10.1328125,
      10.2109375,
      10.2109375,
      11.390625,
      11.3671875,
      10.3515625,
      10.3515625,
      10.3515625,
      10.3515625,
      10.3515625,
      10.3515625
    ],
    "test_loss": [
      2.3024058818817137,
      2.3023821830749513,
      2.30236496925354,
      2.302351474761963,
      2.3023425221443174,
      2.3023338413238523,
      2.3023302125930787,
      2.302328493595123,
      2.3023279809951784,
      2.3023285698890685,
      2.3023297953605653
    ],
    "test_acc": [
      10.5,
      10.5,
      10.5,
      14.375,
      10.125,
      10.125,
      10.125,
      10.125,
      10.125,
      10.125,
      10.125
    ]
  }
}