{
  "config": {
    "run_name": "exp1_2_L4_L64",
    "out_dir": "./results",
    "seed": 1957533607,
    "bs_train": 128,
    "bs_test": 32,
    "batches": 100,
    "epochs": 100,
    "early_stopping": 7,
    "checkpoints": null,
    "lr": 0.001,
    "reg": 0.001,
    "filters_per_layer": [
      64
    ],
    "pool_every": 2.0,
    "hidden_dims": [
      100
    ],
    "ycn": false,
    "kw": {},
    "layers_per_block": 4
  },
  "results": {
    "num_epochs": 7,
    "train_loss": [
      2.304225010871887,
      2.3036779403686523,
      2.30322208404541,
      2.3028107333183288,
      2.302432503700256,
      2.3020606422424317,
      2.301664571762085,
      2.3012275648117066
    ],
    "train_acc": [
      10.3515625,
      10.3515625,
      10.3515625,
      10.3515625,
      10.3515625,
      10.3515625,
      10.3515625,
      10.3515625
    ],
    "test_loss": [
      2.3043832302093508,
      2.3038517665863036,
      2.3034005689620973,
      2.3029845118522645,
      2.302594954967499,
      2.302189602851868,
      2.3017565989494324,
      2.3012621903419497
    ],
    "test_acc": [
      10.125,
      10.125,
      10.125,
      10.125,
      10.125,
      10.125,
      10.125,
      10.125
    ]
  }
}