{
  "config": {
    "run_name": "exp1_2_L8_L64",
    "out_dir": "./results",
    "seed": 530368771,
    "bs_train": 128,
    "bs_test": 32,
    "batches": 100,
    "epochs": 100,
    "early_stopping": 7,
    "checkpoints": null,
    "lr": 0.001,
    "reg": 0.001,
    "filters_per_layer": [
      64
    ],
    "pool_every": 4.0,
    "hidden_dims": [
      100
    ],
    "ycn": false,
    "kw": {},
    "layers_per_block": 8
  },
  "results": {
    "num_epochs": 7,
    "train_loss": [
      2.303869409561157,
      2.3036524295806884,
      2.303470411300659,
      2.3033206844329834,
      2.303191704750061,
      2.3030813097953797,
      2.302985565662384,
      2.3029028582572937
    ],
    "train_acc": [
      9.890625,
      9.890625,
      9.890625,
      9.890625,
      9.890625,
      9.890625,
      9.890625,
      9.890625
    ],
    "test_loss": [
      2.3044169783592223,
      2.30418009519577,
      2.3039834117889404,
      2.3038173747062682,
      2.303671622276306,
      2.303545107841492,
      2.3034342646598818,
      2.3033355355262755
    ],
    "test_acc": [
      9.84375,
      9.84375,
      9.84375,
      9.84375,
      9.84375,
      9.84375,
      9.84375,
      9.84375
    ]
  }
}