{
  "config": {
    "run_name": "exp1_1_K64_L6",
    "out_dir": "./results",
    "seed": 218644636,
    "bs_train": 128,
    "bs_test": 32,
    "batches": 100,
    "epochs": 120,
    "early_stopping": 10,
    "checkpoints": null,
    "lr": 0.005,
    "reg": 0.001,
    "filters_per_layer": [
      64
    ],
    "pool_every": 3.0,
    "hidden_dims": [
      100
    ],
    "ycn": false,
    "kw": {},
    "layers_per_block": 6
  },
  "results": {
    "num_epochs": 54,
    "train_loss": [
      2.3034810495376585,
      2.302909140586853,
      2.3026011276245115,
      2.3024162817001343,
      2.302291932106018,
      2.3021848225593566,
      2.3020719861984253,
      2.301933867931366,
      2.3017359733581544,
      2.301414246559143,
      2.3008147072792053,
      2.299568920135498,
      2.2963567972183228,
      2.280108485221863,
      2.14406955242157,
      2.013120850324631,
      1.9635981619358063,
      1.9251742017269136,
      1.886515519618988,
      1.8342198812961579,
      1.7795059132575988,
      1.7336155927181245,
      1.692136617898941,
      1.6576986134052276,
      1.626380478143692,
      1.5929119956493378,
      1.5563445258140565,
      1.5240688633918762,
      1.494422847032547,
      1.4637953591346742,
      1.4317935836315154,
      1.4060825097560883,
      1.381475396156311,
      1.3503309440612794,
      1.3194053494930267,
      1.290889538526535,
      1.2608230125904083,
      1.2329084444046021,
      1.2048735702037812,
      1.1772040820121765,
      1.1533831232786178,
      1.1238712275028229,
      1.091012817621231,
      1.051321768760681,
      1.032253210544586,
      1.0009556430578233,
      0.9436363863945008,
      0.8813962262868881,
      0.8189146941900254,
      0.7786022073030472,
      0.7459024357795715,
      0.7481050276756287,
      0.7029967033863067,
      0.6628671419620514,
      0.6570927572250366
    ],
    "train_acc": [
      10.2109375,
      10.2109375,
      10.234375,
      12.53125,
      10.84375,
      10.6953125,
      10.640625,
      10.7578125,
      11.0546875,
      11.7890625,
      13.453125,
      17.1796875,
      17.8359375,
      17.359375,
      21.625,
      26.609375,
      28.4453125,
      29.90625,
      31.7578125,
      33.9765625,
      36.3046875,
      38.015625,
      39.8125,
      41.40625,
      42.625,
      43.484375,
      44.640625,
      45.6796875,
      46.6640625,
      47.734375,
      48.65625,
      49.515625,
      50.2421875,
      51.21875,
      52.4921875,
      53.8046875,
      54.640625,
      55.6796875,
      56.6953125,
      57.671875,
      58.5546875,
      60.0078125,
      61.09375,
      62.171875,
      63.15625,
      64.484375,
      66.4296875,
      68.9609375,
      70.8984375,
      72.7890625,
      73.59375,
      73.171875,
      74.703125,
      75.890625,
      76.1875
    ],
    "test_loss": [
      2.303008692264557,
      2.3026800179481506,
      2.3025001811981203,
      2.302390129566193,
      2.302300794124603,
      2.3022075843811036,
      2.30209734916687,
      2.3019421553611754,
      2.3016992020606994,
      2.301279511451721,
      2.300440170764923,
      2.298607590198517,
      2.292961905002594,
      2.250071587562561,
      2.05065780878067,
      1.9701844441890717,
      1.9349446284770966,
      1.9047574257850648,
      1.8704195940494537,
      1.824372069835663,
      1.7806101059913635,
      1.7378280925750733,
      1.7053793370723724,
      1.6757792127132416,
      1.6571983683109284,
      1.6198874199390412,
      1.6103628623485564,
      1.5839550614356994,
      1.5362638020515442,
      1.5275149083137511,
      1.519308840036392,
      1.511422462463379,
      1.4947811305522918,
      1.4897028124332428,
      1.5001150226593019,
      1.4983303105831147,
      1.512103387117386,
      1.5359509372711182,
      1.5241415047645568,
      1.5429611468315125,
      1.5284033608436585,
      1.520235948562622,
      1.5174504482746125,
      1.5009361112117767,
      1.49046055495739,
      1.5776955056190491,
      1.652968397140503,
      1.6659766137599945,
      1.718847508430481,
      1.774251366853714,
      1.661627578139305,
      1.674287987947464,
      1.8088925886154175,
      2.037786606550217,
      2.2187842082977296
    ],
    "test_acc": [
      10.5,
      10.5,
      10.5,
      11.6875,
      10.125,
      10.125,
      10.125,
      10.21875,
      11.4375,
      13.5,
      16.5625,
      18.1875,
      17.375,
      16.71875,
      27.4375,
      29.375,
      30.59375,
      32.0625,
      34.125,
      36.875,
      38.03125,
      39.4375,
      40.75,
      41.46875,
      41.84375,
      43.34375,
      43.78125,
      44.8125,
      46.28125,
      46.53125,
      46.90625,
      46.8125,
      47.4375,
      47.40625,
      47.46875,
      47.09375,
      46.9375,
      46.375,
      46.375,
      46.53125,
      47.09375,
      47.4375,
      47.875,
      48.78125,
      49.59375,
      48.34375,
      46.4375,
      46.96875,
      46.6875,
      46.59375,
      48.9375,
      48.40625,
      49.5625,
      48.15625,
      45.59375
    ]
  }
}