{
  "config": {
    "run_name": "exp1_1_K32_L2",
    "out_dir": "./results",
    "seed": 965232440,
    "bs_train": 128,
    "bs_test": 32,
    "batches": 100,
    "epochs": 120,
    "early_stopping": 10,
    "checkpoints": null,
    "lr": 0.005,
    "reg": 0.001,
    "filters_per_layer": [
      32
    ],
    "pool_every": 1.0,
    "hidden_dims": [
      100
    ],
    "ycn": false,
    "kw": {},
    "layers_per_block": 2
  },
  "results": {
    "num_epochs": 57,
    "train_loss": [
      2.2922810220718386,
      2.238258020877838,
      2.1078844463825224,
      2.008121703863144,
      1.9620909905433654,
      1.921083434820175,
      1.8772975254058837,
      1.8336370170116425,
      1.7919003903865813,
      1.7495946657657624,
      1.7059852814674377,
      1.6615378773212433,
      1.6176725816726685,
      1.5752369046211243,
      1.5373325407505036,
      1.5024429702758788,
      1.4703985142707825,
      1.4394987034797668,
      1.41154243350029,
      1.3863803887367248,
      1.3624342286586761,
      1.3415697383880616,
      1.3209272158145904,
      1.300728712081909,
      1.2819261419773103,
      1.262811232805252,
      1.2452135276794434,
      1.2281525063514709,
      1.2112561440467835,
      1.1931324422359466,
      1.1754974222183228,
      1.1580638957023621,
      1.1410299837589264,
      1.1244078534841537,
      1.1062289625406265,
      1.0883024257421494,
      1.0702541029453279,
      1.05275017619133,
      1.0333929377794266,
      1.014520691037178,
      0.9958453893661499,
      0.9768560427427292,
      0.9584829783439637,
      0.9412473469972611,
      0.9219204300642013,
      0.9042428904771804,
      0.8869869118928909,
      0.8673309814929963,
      0.8498378556966781,
      0.8310711920261383,
      0.8124867349863052,
      0.7952703231573105,
      0.7770425873994827,
      0.7580182600021362,
      0.7390841245651245,
      0.7204977613687515,
      0.7016102468967438,
      0.6841314205527306
    ],
    "train_acc": [
      13.328125,
      19.3359375,
      24.6171875,
      27.3828125,
      29.4140625,
      31.578125,
      33.3125,
      34.8671875,
      36.109375,
      37.8046875,
      39.4296875,
      40.8671875,
      42.7578125,
      44.1328125,
      45.5,
      46.734375,
      47.75,
      49.046875,
      50.03125,
      50.8359375,
      51.734375,
      52.671875,
      53.28125,
      54.0234375,
      54.6953125,
      55.4375,
      56.1484375,
      56.8359375,
      57.5234375,
      58.1953125,
      58.7578125,
      59.3125,
      60.015625,
      60.7109375,
      61.421875,
      62.1484375,
      62.9375,
      63.5078125,
      64.2265625,
      65.046875,
      65.59375,
      66.4609375,
      66.9921875,
      67.5078125,
      68.28125,
      68.8203125,
      69.3984375,
      70.328125,
      70.890625,
      71.5234375,
      72.0625,
      72.78125,
      73.46875,
      74.0546875,
      74.9375,
      75.59375,
      76.40625,
      77.203125
    ],
    "test_loss": [
      2.275308952331543,
      2.1785212707519532,
      2.0371750473976133,
      1.980676647424698,
      1.9351559722423552,
      1.888140629529953,
      1.8435903429985045,
      1.8038222074508667,
      1.7686770236492158,
      1.7366988515853883,
      1.6945420610904693,
      1.6435805201530456,
      1.5989486289024353,
      1.562754855155945,
      1.5365881299972535,
      1.514904452562332,
      1.4881305932998656,
      1.471076695919037,
      1.4559977841377258,
      1.4415939772129058,
      1.4312373578548432,
      1.4221129250526428,
      1.417363607287407,
      1.415885488986969,
      1.4097925817966461,
      1.400410257577896,
      1.3994186460971831,
      1.3992561811208726,
      1.3954788732528687,
      1.3901296883821488,
      1.3851871907711029,
      1.3785517454147338,
      1.3708971828222274,
      1.359675926566124,
      1.3481789499521255,
      1.34465086042881,
      1.3365242099761963,
      1.3303204149007797,
      1.3300017285346986,
      1.3223662531375886,
      1.3237191945314408,
      1.3264243310689927,
      1.326463970541954,
      1.3245948147773743,
      1.3276481544971466,
      1.3265499705076218,
      1.3279704332351685,
      1.3301123076677321,
      1.3381645041704178,
      1.3413600140810014,
      1.3443064963817597,
      1.3526839101314545,
      1.362231469154358,
      1.3758610570430756,
      1.3915942585468293,
      1.405940243601799,
      1.4215255212783813,
      1.4379719299077989
    ],
    "test_acc": [
      13.4375,
      24.3125,
      27.25,
      29.15625,
      31.28125,
      33.4375,
      34.90625,
      36.59375,
      37.65625,
      38.96875,
      40.28125,
      41.84375,
      42.9375,
      44.125,
      45.0625,
      45.8125,
      47.25,
      48.4375,
      49.1875,
      49.78125,
      49.96875,
      50.5625,
      50.9375,
      51.34375,
      51.5,
      52.09375,
      52.09375,
      51.90625,
      52.40625,
      52.46875,
      52.71875,
      53.03125,
      53.125,
      53.6875,
      53.96875,
      53.875,
      53.53125,
      53.875,
      53.8125,
      54.34375,
      54.65625,
      54.875,
      54.96875,
      55.21875,
      55.21875,
      55.46875,
      55.5,
      55.875,
      55.5625,
      55.34375,
      55.71875,
      55.40625,
      55.4375,
      55.1875,
      55.5,
      55.4375,
      55.375,
      55.46875
    ]
  }
}