{
  "config": {
    "run_name": "exp1_2_L2_K64",
    "out_dir": "./results2",
    "seed": 233301398,
    "bs_train": 128,
    "bs_test": 32,
    "batches": 100,
    "epochs": 150,
    "early_stopping": 7,
    "checkpoints": null,
    "lr": 0.003,
    "reg": 0.001,
    "filters_per_layer": [
      64
    ],
    "pool_every": 1.0,
    "hidden_dims": [
      100
    ],
    "ycn": false,
    "kw": {},
    "layers_per_block": 2
  },
  "results": {
    "num_epochs": 77,
    "train_loss": [
      2.296838254928589,
      2.2740306663513183,
      2.2091291451454165,
      2.09853902220726,
      2.0088209354877473,
      1.9677954959869384,
      1.9366390466690064,
      1.905848912000656,
      1.8738793671131133,
      1.8414260375499725,
      1.809568543434143,
      1.7772947919368745,
      1.7437166953086853,
      1.7086780595779418,
      1.6736390423774719,
      1.6395265245437622,
      1.608713403940201,
      1.5798276889324188,
      1.5534847176074982,
      1.529364378452301,
      1.506905516386032,
      1.4856962275505066,
      1.4656556284427642,
      1.4464146661758424,
      1.4272057652473449,
      1.4080680537223815,
      1.3888906025886536,
      1.3699082565307616,
      1.3514437568187714,
      1.3338607192039489,
      1.3171549499034882,
      1.3017976939678193,
      1.2864888405799866,
      1.2720223712921142,
      1.2576734554767608,
      1.2436737489700318,
      1.230582628250122,
      1.2174194598197936,
      1.2047228419780731,
      1.1916550946235658,
      1.1785706233978273,
      1.1660546535253524,
      1.1537147909402847,
      1.1416911852359772,
      1.1291172456741334,
      1.1164786720275879,
      1.1044385945796966,
      1.0916293597221374,
      1.0787811970710754,
      1.066454167366028,
      1.0537015807628631,
      1.0407605701684952,
      1.0280243438482284,
      1.0155791491270065,
      1.0025367558002471,
      0.9897363752126693,
      0.9767727243900299,
      0.9637096494436264,
      0.9513931030035019,
      0.938692724108696,
      0.9255268031358719,
      0.9121640127897263,
      0.8987094712257385,
      0.8848603427410126,
      0.8712784224748611,
      0.8579362249374389,
      0.8441926938295364,
      0.8302494263648987,
      0.8164384818077087,
      0.8023467224836349,
      0.7887403911352158,
      0.774848997592926,
      0.7607022821903229,
      0.7462856483459472,
      0.7317433106899262,
      0.7168512713909149,
      0.7022035712003708,
      0.6880752962827682
    ],
    "train_acc": [
      12.78125,
      14.03125,
      21.1328125,
      25.5625,
      28.4375,
      29.609375,
      30.8828125,
      32.421875,
      33.7890625,
      35.0546875,
      36.046875,
      37.453125,
      38.34375,
      39.4765625,
      40.90625,
      41.796875,
      42.890625,
      43.8125,
      44.6875,
      45.5390625,
      46.1953125,
      46.8046875,
      47.5234375,
      48.34375,
      49.15625,
      49.7734375,
      50.4140625,
      50.9921875,
      51.7578125,
      52.28125,
      53.0546875,
      53.609375,
      54.234375,
      54.796875,
      55.3046875,
      55.890625,
      56.4453125,
      57.0390625,
      57.59375,
      58.2734375,
      58.6171875,
      59.234375,
      59.59375,
      59.9375,
      60.328125,
      60.890625,
      61.3125,
      61.75,
      62.2734375,
      62.6953125,
      63.125,
      63.6328125,
      64.28125,
      64.8046875,
      65.234375,
      65.625,
      66.1328125,
      66.7578125,
      67.234375,
      67.7109375,
      68.0859375,
      68.53125,
      68.9609375,
      69.546875,
      70.0546875,
      70.578125,
      71.0859375,
      71.671875,
      72.109375,
      72.703125,
      73.375,
      73.9375,
      74.3125,
      75.03125,
      75.5703125,
      76.2265625,
      76.6015625,
      77.265625
    ],
    "test_loss": [
      2.2886316204071044,
      2.2506549167633056,
      2.156659781932831,
      2.046168931722641,
      1.987640496492386,
      1.9555581402778626,
      1.9233031177520752,
      1.8903006505966187,
      1.8587377381324768,
      1.8260623252391814,
      1.7929653477668763,
      1.7626643538475038,
      1.7345548605918883,
      1.7080354166030884,
      1.6750990796089171,
      1.6354364109039308,
      1.6025927913188935,
      1.5798971462249756,
      1.5576743412017822,
      1.536707283258438,
      1.5219475436210632,
      1.5097457802295684,
      1.4973002147674561,
      1.4841448807716369,
      1.471586171388626,
      1.4579299330711364,
      1.4455153834819794,
      1.430121603012085,
      1.4172083342075348,
      1.40590567111969,
      1.3983821368217468,
      1.3893824887275696,
      1.3836196374893188,
      1.3714611649513244,
      1.3651603758335114,
      1.3608018720149995,
      1.3541064137220382,
      1.3524039590358734,
      1.3486845111846923,
      1.3446018177270889,
      1.339090988636017,
      1.3308213478326798,
      1.3272954750061035,
      1.323379094004631,
      1.3160923528671264,
      1.3122887986898422,
      1.3073081678152085,
      1.3065494030714035,
      1.3015572124719619,
      1.2996128177642823,
      1.2945090740919114,
      1.2925407195091247,
      1.287672273516655,
      1.2843854641914367,
      1.2810392206907273,
      1.2805338764190675,
      1.2807877677679063,
      1.2785544270277023,
      1.2781927633285521,
      1.2736457121372222,
      1.2689771234989167,
      1.2695599418878556,
      1.2658654713630677,
      1.2679281836748124,
      1.2675145161151886,
      1.2656983172893523,
      1.26660089969635,
      1.2717367112636566,
      1.2718598061800004,
      1.2773465371131898,
      1.2806124347448349,
      1.283375284075737,
      1.293482055068016,
      1.297704707980156,
      1.3020018696784974,
      1.3081333565711974,
      1.3157193809747696,
      1.3236583483219146
    ],
    "test_acc": [
      11.75,
      16.09375,
      23.15625,
      27.84375,
      29.15625,
      30.625,
      31.90625,
      33.71875,
      34.90625,
      36.09375,
      37.03125,
      38.5625,
      39.375,
      40.0625,
      41.125,
      42.46875,
      43.25,
      44.46875,
      44.96875,
      45.59375,
      45.90625,
      46.46875,
      46.96875,
      47.53125,
      48.625,
      48.71875,
      49.0,
      49.53125,
      50.25,
      50.625,
      51.03125,
      51.375,
      51.75,
      52.28125,
      52.5625,
      52.78125,
      52.875,
      52.8125,
      52.875,
      53.125,
      53.53125,
      53.9375,
      53.875,
      53.65625,
      54.0,
      54.25,
      54.40625,
      54.3125,
      54.375,
      54.5625,
      54.75,
      55.0625,
      55.21875,
      55.5625,
      55.65625,
      55.71875,
      55.75,
      55.65625,
      56.03125,
      56.03125,
      56.125,
      56.28125,
      56.34375,
      56.5625,
      56.46875,
      56.5,
      56.71875,
      56.53125,
      56.90625,
      56.96875,
      57.1875,
      56.90625,
      56.875,
      56.90625,
      56.75,
      56.96875,
      57.03125,
      56.96875
    ]
  }
}