{
  "config": {
    "run_name": "exp2_L1_K64-128-256-512",
    "out_dir": "./results",
    "seed": 754598933,
    "bs_train": 128,
    "bs_test": 32,
    "batches": 100,
    "epochs": 100,
    "early_stopping": 10,
    "checkpoints": null,
    "lr": 0.001,
    "reg": 0.001,
    "filters_per_layer": [
      64,
      128,
      256,
      512
    ],
    "pool_every": 2,
    "hidden_dims": [
      128
    ],
    "ycn": true,
    "kw": {},
    "layers_per_block": 1
  },
  "results": {
    "num_epochs": 94,
    "train_loss": [
      2.2774081683158873,
      2.15073571562767,
      1.993287901878357,
      1.8904699862003327,
      1.8211174619197845,
      1.7642734611034394,
      1.724169329404831,
      1.6901871144771576,
      1.6667118310928344,
      1.6378899705410004,
      1.615120245218277,
      1.589650720357895,
      1.5714958214759827,
      1.5514142620563507,
      1.5325770199298858,
      1.5158346235752105,
      1.4975114691257476,
      1.4766900324821473,
      1.4672283339500427,
      1.4542270112037659,
      1.4321598303318024,
      1.4223084652423859,
      1.412059804201126,
      1.4023826098442078,
      1.3885397279262544,
      1.3716875004768372,
      1.3596602618694305,
      1.3524361336231232,
      1.3386119174957276,
      1.3258962738513946,
      1.3203374564647674,
      1.307320431470871,
      1.2920452618598939,
      1.2885505449771881,
      1.2743779945373535,
      1.2664698159694672,
      1.2568869018554687,
      1.2411923909187317,
      1.2393937003612518,
      1.2235619175434111,
      1.212904053926468,
      1.2137146008014679,
      1.202244747877121,
      1.1932367819547653,
      1.1905059814453125,
      1.1800589376688004,
      1.1676352512836456,
      1.1630884528160095,
      1.1525197857618332,
      1.1511551910638809,
      1.1404503524303435,
      1.1333522933721543,
      1.12852933883667,
      1.1343671846389771,
      1.1126913338899613,
      1.1175614953041078,
      1.100586388707161,
      1.0957964515686036,
      1.092044489979744,
      1.0848632603883743,
      1.0861409550905228,
      1.0722504138946534,
      1.0748708033561707,
      1.0711671793460846,
      1.066740449666977,
      1.0537325185537338,
      1.0438440895080567,
      1.046627960205078,
      1.0475853604078293,
      1.036034220457077,
      1.035407955646515,
      1.022889416217804,
      1.0297960782051085,
      1.0221185743808747,
      1.0193445259332656,
      1.0094325697422029,
      1.004572058916092,
      1.0031604766845703,
      1.0000635212659836,
      0.9918182462453842,
      0.9943332368135452,
      0.9874312722682953,
      0.9734148061275483,
      0.9801898032426835,
      0.9749961495399475,
      0.9747229558229447,
      0.960499057173729,
      0.9591382920742035,
      0.9549540108442307,
      0.9571350979804992,
      0.9492310929298401,
      0.9448317587375641,
      0.9457551151514053,
      0.9323374766111374,
      0.932619349360466
    ],
    "train_acc": [
      13.8671875,
      21.8828125,
      26.7265625,
      29.6328125,
      32.125,
      33.5546875,
      35.046875,
      36.6796875,
      37.4453125,
      38.7421875,
      39.6484375,
      40.859375,
      41.6171875,
      42.171875,
      42.75,
      43.796875,
      44.0703125,
      45.34375,
      45.5546875,
      46.578125,
      46.796875,
      47.3671875,
      47.65625,
      48.7265625,
      48.7578125,
      49.9375,
      50.203125,
      50.78125,
      51.34375,
      51.515625,
      51.609375,
      52.0390625,
      52.7890625,
      52.5,
      53.03125,
      53.75,
      54.328125,
      54.4453125,
      55.3203125,
      55.4921875,
      55.796875,
      55.8515625,
      56.4921875,
      57.171875,
      56.921875,
      56.734375,
      57.359375,
      57.9453125,
      58.4140625,
      58.265625,
      58.90625,
      58.59375,
      59.1640625,
      58.90625,
      59.21875,
      59.2890625,
      60.0,
      60.3984375,
      60.171875,
      61.09375,
      60.578125,
      61.6015625,
      61.5390625,
      61.6171875,
      61.375,
      62.0859375,
      62.0859375,
      62.015625,
      62.390625,
      62.3828125,
      62.875,
      62.9921875,
      62.890625,
      63.3125,
      62.9375,
      63.65625,
      63.4921875,
      63.8828125,
      63.6953125,
      64.4453125,
      64.1328125,
      64.703125,
      64.7109375,
      64.53125,
      65.015625,
      65.1875,
      65.2890625,
      65.1796875,
      65.4609375,
      65.359375,
      65.703125,
      66.0703125,
      65.8984375,
      66.3515625,
      66.6640625
    ],
    "test_loss": [
      2.2525233006477356,
      2.1633606863021853,
      2.076128774881363,
      2.003142923116684,
      1.9372006857395172,
      1.8995155155658723,
      1.85075302362442,
      1.8237537455558777,
      1.8162758362293243,
      1.7911972904205322,
      1.7529967498779297,
      1.8009260630607604,
      1.685015023946762,
      1.690858905315399,
      1.6662084877490997,
      1.6701520442962647,
      1.6452283370494842,
      1.6419745695590973,
      1.6657990288734437,
      1.6242393958568573,
      1.6250980257987977,
      1.6091882753372193,
      1.6058611106872558,
      1.6248877191543578,
      1.6395801615715027,
      1.5944907510280608,
      1.5810534131526948,
      1.5726715445518493,
      1.6024757647514343,
      1.5592784833908082,
      1.5430599415302277,
      1.5118683969974518,
      1.6197729730606079,
      1.5699189126491546,
      1.4300761485099793,
      1.4782252752780913,
      1.4864031636714936,
      1.5655641865730285,
      1.45875625371933,
      1.4243645358085633,
      1.3546065306663513,
      1.425770788192749,
      1.3226281136274338,
      1.4416681909561158,
      1.3527500110864639,
      1.3250366121530532,
      1.3196486520767212,
      1.2746336221694947,
      1.2855754423141479,
      1.396677644252777,
      1.3629193830490112,
      1.242592660188675,
      1.256946756839752,
      1.1924540549516678,
      1.23814883351326,
      1.2253164857625962,
      1.2840974259376525,
      1.1944007641077041,
      1.2624934768676759,
      1.1796542567014694,
      1.228612277507782,
      1.2036281555891037,
      1.1753319776058198,
      1.186168601512909,
      1.176875144839287,
      1.1340085154771804,
      1.222741521000862,
      1.1437688225507736,
      1.167958260178566,
      1.127772901058197,
      1.1219463956356048,
      1.113833811879158,
      1.079491109251976,
      1.2172890609502793,
      1.084139223098755,
      1.0685286247730255,
      1.1136528933048249,
      1.1110524481534958,
      1.0743873327970506,
      1.1623642021417617,
      1.0779661589860916,
      1.0238017451763153,
      1.0835725492239,
      1.0916645634174347,
      0.9958879780769349,
      1.058680230975151,
      1.0443799269199372,
      1.1141344213485718,
      0.9995488482713699,
      1.0526311111450195,
      1.0551943057775497,
      1.0388729006052018,
      1.0034517765045166,
      1.0831189405918122,
      1.0976837021112442
    ],