{
  "config": {
    "run_name": "exp2_L1_K64-128-256-512",
    "out_dir": "./results",
    "seed": 493138246,
    "bs_train": 128,
    "bs_test": 32,
    "batches": 100,
    "epochs": 100,
    "early_stopping": 10,
    "checkpoints": null,
    "lr": 0.001,
    "reg": 0.001,
    "filters_per_layer": [
      64,
      128,
      256,
      512
    ],
    "pool_every": 2,
    "hidden_dims": [
      128
    ],
    "ycn": true,
    "kw": {},
    "layers_per_block": 1
  },
  "results": {
    "num_epochs": 97,
    "train_loss": [
      2.2809498858451844,
      2.173800296783447,
      2.0480708229541777,
      1.9521410906314849,
      1.8676840901374816,
      1.8075849890708924,
      1.7588429701328279,
      1.7136821389198302,
      1.6802423214912414,
      1.6472122168540955,
      1.6167472064495088,
      1.589789584875107,
      1.563047467470169,
      1.5382934737205505,
      1.516246657371521,
      1.5043523275852204,
      1.4845655262470245,
      1.467354348897934,
      1.453134343624115,
      1.435445169210434,
      1.4198967003822327,
      1.4099919533729552,
      1.3951062154769898,
      1.3819261157512666,
      1.367805004119873,
      1.35504870057106,
      1.3467722094058991,
      1.3323590672016143,
      1.3228871035575867,
      1.31621719121933,
      1.3038717126846313,
      1.297877013683319,
      1.2791789841651917,
      1.2649869692325593,
      1.2524372291564942,
      1.25560227394104,
      1.2373282837867736,
      1.2338452887535096,
      1.2227071034908295,
      1.20783674120903,
      1.2025999569892882,
      1.1953915715217591,
      1.1917879533767701,
      1.186076397895813,
      1.1621962130069732,
      1.1535419178009034,
      1.1546662312746048,
      1.1421878814697266,
      1.1365882474184037,
      1.1209951007366181,
      1.124225138425827,
      1.118073995113373,
      1.112458342909813,
      1.1034723848104477,
      1.1005656099319459,
      1.0922517013549804,
      1.0846751356124877,
      1.0817137283086777,
      1.068983969092369,
      1.0629973489046096,
      1.0640600609779358,
      1.056023492217064,
      1.0485006392002105,
      1.0525478100776673,
      1.0394676917791366,
      1.035917866230011,
      1.0251447010040282,
      1.025002765059471,
      1.0209600949287414,
      1.0136699151992798,
      1.0063266676664353,
      1.0056269288063049,
      0.9996944296360016,
      0.997030416727066,
      0.9928828066587448,
      0.9796239817142487,
      0.9770951479673385,
      0.98550468146801,
      0.9759306675195694,
      0.9607794696092605,
      0.9606640541553497,
      0.9546515697240829,
      0.9554047363996506,
      0.9495845431089401,
      0.9504124909639359,
      0.9415892833471298,
      0.9334356904029846,
      0.9388051348924636,
      0.9298933267593383,
      0.9321199321746826,
      0.921018528342247,
      0.9129766607284546,
      0.9144928544759751,
      0.9127530801296234,
      0.9053283160924912,
      0.903079714179039,
      0.8913300848007202,
      0.90274793446064
    ],
    "train_acc": [
      13.9296875,
      20.5234375,
      26.046875,
      28.8515625,
      32.40625,
      33.4765625,
      35.125,
      36.796875,
      37.5703125,
      39.609375,
      40.2421875,
      41.484375,
      42.296875,
      43.1953125,
      44.4296875,
      44.7734375,
      45.4140625,
      46.078125,
      46.40625,
      46.984375,
      47.78125,
      48.4453125,
      48.8046875,
      49.5703125,
      49.609375,
      50.640625,
      50.65625,
      50.96875,
      52.296875,
      51.6328125,
      52.4609375,
      52.546875,
      53.6015625,
      53.890625,
      54.2734375,
      54.6015625,
      54.6796875,
      55.234375,
      55.5390625,
      55.765625,
      56.2734375,
      56.5390625,
      56.859375,
      56.640625,
      58.09375,
      58.21875,
      58.515625,
      58.265625,
      58.7265625,
      59.5546875,
      59.3828125,
      59.9921875,
      59.5390625,
      60.3515625,
      60.265625,
      60.421875,
      60.859375,
      60.609375,
      61.1171875,
      61.6328125,
      61.859375,
      61.96875,
      62.375,
      62.140625,
      62.671875,
      62.5859375,
      63.2265625,
      63.0,
      62.984375,
      62.921875,
      64.015625,
      64.0,
      63.7890625,
      64.1640625,
      63.953125,
      64.8359375,
      64.953125,
      64.5703125,
      65.0859375,
      65.296875,
      65.4453125,
      65.84375,
      65.8515625,
      66.1875,
      65.6640625,
      66.4140625,
      66.8203125,
      66.4453125,
      66.75,
      66.78125,
      67.1328125,
      67.453125,
      67.0703125,
      67.578125,
      68.0,
      68.6328125,
      67.984375,
      68.0625
    ],
    "test_loss": [
      2.2653703618049623,
      2.2069307494163515,
      2.1418899631500246,
      2.082917729616165,
      2.0196206963062284,
      1.955800288915634,
      1.9079997515678406,
      1.8431457090377807,
      1.8207167959213257,
      1.7606524872779845,
      1.7351553797721864,
      1.6769602632522582,
      1.6445543324947358,
      1.6182638943195342,
      1.598385044336319,
      1.5775926947593688,
      1.577205287218094,
      1.5617847228050232,
      1.5679275703430176,
      1.5544803881645202,
      1.5488346242904663,
      1.58263991355896,
      1.5387453377246856,
      1.5308982300758363,
      1.527084904909134,
      1.5388292539119721,
      1.540919418334961,
      1.469244248867035,
      1.5221248686313629,
      1.5410424506664275,
      1.4909220409393311,
      1.4714022290706634,
      1.45792005777359,
      1.4407879054546355,
      1.4640497970581055,
      1.4031863284111024,
      1.3701562583446503,
      1.3017037045955657,
      1.3640992391109465,
      1.3271161144971848,
      1.3744921684265137,
      1.2644901633262635,
      1.2929294282197952,
      1.3269268387556077,
      1.261822999715805,
      1.2522056585550307,
      1.331827725172043,
      1.2876817238330842,
      1.3074242120981217,
      1.2726825392246246,
      1.188562963604927,
      1.2630259001255035,
      1.1700431394577027,
      1.1457807117700576,
      1.244931543469429,
      1.1928657871484756,
      1.1572324711084365,
      1.21808111846447,
      1.1884510654211045,
      1.195858477950096,
      1.2245256066322328,
      1.1600151127576828,
      1.1741209024190902,
      1.1462603932619095,
      1.2596639651060104,
      1.1147579091787339,
      1.1516853493452073,
      1.1240136152505875,
      1.1315252327919005,
      1.1904821914434434,
      1.1951337325572968,
      1.155745081305504,
      1.2735097265243531,
      1.0813092195987701,
      1.1372415328025818,
      1.0905564713478089,
      1.0955549150705337,
      1.0500418704748153,
      1.1039508575201034,
      1.1557313215732574,
      1.0853513306379319,
      1.0772072350978852,
      1.2382622528076173,
      0.999513469338417,
      1.0467843866348268,
      1.1388622367382049,
      1.0443958342075348,
      0.9905485725402832,
      1.1704241746664048,
      1.1566710042953492,
      0.9950703716278076,
      1.0900386774539947,
      1.0893238520622253,
      1.0054891514778137,
      1.0675765085220337,
      1.0268429589271546,
      0.9920432645082474,
      1.056785433292389
    ],