{
  "config": {
    "run_name": "exp2_L3_K64-128-256-512",
    "out_dir": "./results",
    "seed": 429037990,
    "bs_train": 128,
    "bs_test": 32,
    "batches": 100,
    "epochs": 100,
    "early_stopping": 10,
    "checkpoints": null,
    "lr": 0.001,
    "reg": 0.001,
    "filters_per_layer": [
      64,
      128,
      256,
      512
    ],
    "pool_every": 2,
    "hidden_dims": [
      128
    ],
    "ycn": true,
    "kw": {},
    "layers_per_block": 3
  },
  "results": {
    "num_epochs": 67,
    "train_loss": [
      2.2574190711975097,
      1.9603718793392182,
      1.76959890127182,
      1.6568333637714385,
      1.5782296109199523,
      1.5055291771888732,
      1.4254474020004273,
      1.3610362195968628,
      1.3024652779102326,
      1.25005069732666,
      1.2000062769651414,
      1.1513981771469117,
      1.1125411242246628,
      1.0741050255298614,
      1.0311153948307037,
      0.9985319328308105,
      0.9720188462734223,
      0.9333009165525437,
      0.9202061086893082,
      0.8788228017091751,
      0.857808552980423,
      0.8358656853437424,
      0.8124757760763168,
      0.7937671118974685,
      0.7743379634618759,
      0.7538180512189865,
      0.7337833762168884,
      0.7112146964669228,
      0.6987586587667465,
      0.6835382607579231,
      0.663349705338478,
      0.6446591770648956,
      0.6250044551491737,
      0.6168678426742553,
      0.5955531501770019,
      0.5815994784235954,
      0.5744331154227257,
      0.5524283349514008,
      0.542682277560234,
      0.523429648578167,
      0.5098571187257767,
      0.50380077034235,
      0.4884087845683098,
      0.4773133423924446,
      0.4695799133181572,
      0.4506335359811783,
      0.435357491672039,
      0.4244586741924286,
      0.4233251565694809,
      0.40241779014468193,
      0.394646580517292,
      0.38583413943648337,
      0.37899084195494653,
      0.3787108489871025,
      0.3590436723828316,
      0.3488564617931843,
      0.34119056835770606,
      0.33954870149493216,
      0.320382492095232,
      0.3191495855152607,
      0.3155794163048267,
      0.2963657388091087,
      0.2916029094159603,
      0.2806844247877598,
      0.27435144439339637,
      0.26480265095829963,
      0.2631725819408894,
      0.2609352967143059
    ],
    "train_acc": [
      15.078125,
      24.484375,
      30.984375,
      35.84375,
      39.5078125,
      42.3671875,
      46.328125,
      48.71875,
      51.6875,
      53.546875,
      55.453125,
      57.7421875,
      59.1640625,
      60.421875,
      62.1953125,
      63.2421875,
      64.671875,
      65.9765625,
      66.5625,
      67.953125,
      68.671875,
      69.71875,
      70.3515625,
      71.1015625,
      72.0,
      72.5546875,
      73.234375,
      74.1328125,
      74.9140625,
      75.328125,
      76.109375,
      76.71875,
      77.5625,
      77.7421875,
      78.546875,
      78.890625,
      79.28125,
      80.546875,
      80.484375,
      81.0546875,
      81.8515625,
      81.984375,
      82.703125,
      83.28125,
      82.9921875,
      84.234375,
      84.4296875,
      84.953125,
      85.109375,
      85.609375,
      85.9140625,
      86.2578125,
      86.390625,
      86.53125,
      87.0,
      87.8203125,
      87.8515625,
      87.875,
      88.65625,
      88.7421875,
      88.8359375,
      89.6875,
      89.4765625,
      90.03125,
      90.515625,
      90.921875,
      90.75,
      90.7890625
    ],
    "test_loss": [
      2.2719065618515013,
      2.17619091629982,
      2.163444576263428,
      2.100679553747177,
      1.9043986082077027,
      1.998716539144516,
      1.929013638496399,
      2.177426998615265,
      2.1565150010585783,
      2.024772894382477,
      1.9150064146518708,
      1.9122901058197022,
      2.001764885187149,
      1.6906505811214447,
      1.5238211059570312,
      1.46212382376194,
      1.3867780077457428,
      1.2805606198310853,
      1.3363051056861877,
      1.227277529835701,
      1.1521114176511764,
      1.2969216477870942,
      1.436668277978897,
      1.190420982837677,
      1.1378998333215713,
      1.1571657693386077,
      1.2271580326557159,
      1.2174644023180008,
      1.311817888021469,
      1.210824767947197,
      1.1222159439325332,
      1.2449363070726394,
      1.2197410994768143,
      1.178051210641861,
      1.2837682330608369,
      1.0814483225345612,
      1.0819698038697243,
      0.9960475304722786,
      1.1904522198438645,
      1.1398247569799422,
      0.9489257645606994,
      1.054312419295311,
      1.0303666600584984,
      1.0346255800127984,
      1.055456801354885,
      0.9742244943976403,
      0.998422529399395,
      0.9899766704440117,
      0.9346357741951943,
      0.9808983507752419,
      0.9819036614894867,
      1.0302051943540573,
      0.981945490539074,
      1.2465808191895484,
      1.5889254611730577,
      1.1006219345331192,
      1.020220388174057,
      0.9630989927053452,
      1.2098221054673195,
      0.9646219578385353,
      1.0342742437124253,
      1.3345315253734589,
      1.1247004908323288,
      1.0484878005087375,
      0.9944283685088158,
      1.0676514366269112,
      1.0554844829440118,
      1.4007160377502441
    ],
    "test_acc": [
      11.96875,
      18.25,
      21.96875,
      23.6875,
      30.25,
      30.46875,
      34.125,
      31.40625,
      32.125,
      35.84375,
      38.28125,
      38.375,
      38.6875,
      45.09375,
      49.625,
      51.40625,
      54.1875,
      56.34375,
      54.84375,
      57.90625,
      60.59375,
      57.25,
      54.9375,
      60.25,
      62.1875,
      62.25,
      60.375,
      60.6875,
      59.21875,
      61.71875,
      65.0,
      61.375,
      62.65625,
      63.8125,
      61.75,
      65.65625,
      67.28125,
      68.65625,
      63.6875,
      65.46875,
      70.5,
      67.65625,
      68.84375,
      69.0,
      69.28125,
      70.875,
      70.15625,
      71.28125,
      72.75,
      72.09375,
      72.3125,
      70.5625,
      72.4375,
      66.5,
      60.96875,
      70.21875,
      72.15625,
      73.78125,
      69.53125,
      73.71875,
      73.0625,
      68.125,
      70.3125,
      73.09375,
      73.625,
      73.0,
      72.78125,
      66.90625
    ]
  }
}