{
  "config": {
    "run_name": "exp2_L2_K64-128-256-512",
    "out_dir": "./results",
    "seed": 1732467318,
    "bs_train": 128,
    "bs_test": 32,
    "batches": 100,
    "epochs": 100,
    "early_stopping": 10,
    "checkpoints": null,
    "lr": 0.001,
    "reg": 0.001,
    "filters_per_layer": [
      64,
      128,
      256,
      512
    ],
    "pool_every": 2,
    "hidden_dims": [
      128
    ],
    "ycn": true,
    "kw": {},
    "layers_per_block": 2
  },
  "results": {
    "num_epochs": 67,
    "train_loss": [
      2.253754823207855,
      2.028566769361496,
      1.8375911176204682,
      1.7288187944889069,
      1.6585334813594819,
      1.5882428145408631,
      1.5202260065078734,
      1.4744221913814544,
      1.4252930223941802,
      1.3798984897136688,
      1.3391636717319488,
      1.3015622985363007,
      1.2596560502052307,
      1.2190076410770416,
      1.1871663439273834,
      1.1591709226369857,
      1.1236771404743195,
      1.100740873813629,
      1.0745946890115738,
      1.046631962656975,
      1.0301186990737916,
      1.017993044257164,
      0.9910023182630538,
      0.9701915901899337,
      0.9513828372955322,
      0.9364593744277954,
      0.9146696299314498,
      0.8919257432222366,
      0.8758061718940735,
      0.8731965404748917,
      0.853074261546135,
      0.8436673980951309,
      0.8245939171314239,
      0.809040076136589,
      0.7985788786411285,
      0.7824561530351639,
      0.7639738494157791,
      0.7627064222097397,
      0.7439880818128586,
      0.7343164157867431,
      0.7293200451135635,
      0.7108013552427291,
      0.7021870535612106,
      0.6990579110383988,
      0.6816699761152267,
      0.6841254687309265,
      0.6628450536727906,
      0.657261224091053,
      0.647319883108139,
      0.6308644238114357,
      0.6303376507759094,
      0.619512859582901,
      0.6024007257819176,
      0.5934086048603058,
      0.5924090826511383,
      0.5923443979024887,
      0.5704708060622216,
      0.5682220634818077,
      0.5624759882688523,
      0.544429998099804,
      0.5380264633893966,
      0.5274636548757553,
      0.5276495054364204,
      0.5230412629246711,
      0.5111506539583206,
      0.5011971661448479,
      0.492128723859787,
      0.4870137768983841
    ],
    "train_acc": [
      15.1875,
      25.578125,
      29.7265625,
      34.2265625,
      37.25,
      39.7109375,
      42.390625,
      44.46875,
      46.3984375,
      48.046875,
      50.15625,
      51.546875,
      53.34375,
      54.953125,
      56.0078125,
      57.5078125,
      59.2578125,
      59.6640625,
      60.6015625,
      61.2890625,
      62.25,
      63.1328125,
      63.8671875,
      64.421875,
      65.5625,
      65.6875,
      66.5,
      67.78125,
      67.875,
      68.4921875,
      68.875,
      69.203125,
      70.0625,
      70.546875,
      71.0,
      71.5,
      72.4375,
      72.421875,
      73.5703125,
      73.5390625,
      73.40625,
      74.40625,
      75.046875,
      75.1328125,
      75.8359375,
      75.2578125,
      76.1953125,
      76.3203125,
      76.625,
      77.3984375,
      77.1015625,
      77.6015625,
      78.59375,
      79.0234375,
      78.7421875,
      78.75,
      79.4609375,
      79.6875,
      79.8046875,
      80.453125,
      80.8046875,
      81.0546875,
      81.078125,
      80.984375,
      81.9375,
      81.6015625,
      82.4609375,
      82.546875
    ],
    "test_loss": [
      2.231183693408966,
      2.0912472653388976,
      2.0637671065330507,
      2.034703941345215,
      2.062904657125473,
      2.055452649593353,
      1.7874197709560393,
      1.7618018984794617,
      1.711537059545517,
      1.7236616015434265,
      1.6867541182041168,
      1.6657786405086517,
      1.7194662368297577,
      1.5857869040966035,
      1.6108618402481079,
      1.5670341598987578,
      1.5355110013484954,
      1.585948988199234,
      1.355741052031517,
      1.3757385283708572,
      1.3309349358081817,
      1.4585394340753555,
      1.2445643025636672,
      1.2130728793144225,
      1.2825386369228362,
      1.2336828142404557,
      1.169384824037552,
      1.2053001695871353,
      1.1201531600952148,
      1.142622222304344,
      1.1425050002336503,
      1.1091123896837234,
      1.0893689024448394,
      1.0385583662986755,
      0.9910321462154389,
      1.0684578400850295,
      1.07963436961174,
      0.9675307857990265,
      0.9618875640630722,
      0.9275892922282218,
      0.9092622247338294,
      0.9201753216981888,
      0.9468415319919586,
      0.9208107000589371,
      0.8749370709061622,
      0.8732865515351296,
      0.8864213815331459,
      0.8657262414693833,
      0.9289020147919654,
      0.8887930303812027,
      0.8769713312387466,
      0.8554284760355949,
      0.8502713081240654,
      0.8788082489371299,
      0.995255610048771,
      0.8212468028068542,
      0.9211870643496514,
      0.8052662265300751,
      0.8487025600671768,
      0.8766071638464927,
      0.8841522496938705,
      0.9087382027506828,
      0.8839294171333313,
      0.822436486184597,
      0.8510772287845612,
      0.9024359488487244,
      0.8491291025280953,
      0.8938931164145469
    ],
    "test_acc": [
      18.15625,
      23.59375,
      22.71875,
      23.0625,
      23.21875,
      24.4375,
      33.59375,
      35.125,
      36.96875,
      38.5625,
      40.375,
      42.34375,
      41.0625,
      43.875,
      44.46875,
      45.09375,
      46.125,
      45.53125,
      51.34375,
      51.28125,
      53.3125,
      48.78125,
      55.15625,
      56.9375,
      55.21875,
      56.375,
      58.53125,
      57.8125,
      60.0,
      59.71875,
      59.875,
      61.375,
      61.40625,
      63.34375,
      65.1875,
      62.96875,
      62.34375,
      65.90625,
      65.8125,
      67.6875,
      67.625,
      67.59375,
      66.78125,
      67.875,
      69.09375,
      68.90625,
      68.59375,
      69.1875,
      68.28125,
      69.0625,
      69.34375,
      70.5,
      69.78125,
      69.6875,
      67.09375,
      71.25,
      69.09375,
      72.34375,
      71.4375,
      70.46875,
      69.96875,
      70.3125,
      70.25,
      72.125,
      71.0625,
      70.34375,
      71.78125,
      70.40625
    ]
  }
}